case_id,item_code,unit_id,level,level_num,condition,model,model_display,status,natural_label,natural_support,probe_label,probe_support,natural_sufficiency,explicit_sufficiency,natural_evidence_bridge_status,explicit_bridge,natural_confidence,stimulus_chars,stimulus_sha256,natural_margin_1_9,natural_margin_1_9_exact_available,natural_margin_1_9_censor_type,probe_margin_1_9,probe_margin_1_9_exact_available,probe_margin_1_9_censor_type,natural_probe_label_match,natural_candidate_coverage_count,natural_candidate_coverage_complete,probe_candidate_coverage_count,probe_candidate_coverage_complete
CASE_015,A1,UNIT_001,B0,0,no-link,deepseek,DeepSeek,ok,9,0,9,0,insufficient,0,none,0,0.7,588,7a0b04ffed0f597e4e5bac6c3e32546e49b6e58f193e3d117d80e19e483b5738,-6.4731272349,True,,-8.08859648733,True,,True,3,True,3,True
CASE_015,A1,UNIT_001,B1,1,placebo,deepseek,DeepSeek,ok,9,0,9,0,insufficient,0,none,0,0.8,625,7b32106fe6b0d031d4889d5c022197b710360fc4f45d3a196fc3f646ca351703,-5.716296584499999,True,,-8.445183492830001,True,,True,3,True,3,True
CASE_015,A1,UNIT_001,B2,2,weak-link,deepseek,DeepSeek,ok,1,1,1,1,sufficient,1,corroborated,1,0.8,647,63dcf363b79d2de2b221797719ff6816516c798971007cfbd2546d8b024d173e,3.043054825,True,,6.435612267,True,,True,3,True,3,True
CASE_015,A1,UNIT_001,B3,3,explicit-link,deepseek,DeepSeek,ok,1,1,1,1,sufficient,1,corroborated,1,0.9,691,9f2efe4c933dbb95b6a7ae2fcdc411830a9249c7fa55c127fdca7f56764c6f7b,13.84715604632614,True,,23.536655,True,,True,3,True,3,True
CASE_015,A1,UNIT_001,B4,4,corroborated-link,deepseek,DeepSeek,ok,1,1,1,1,sufficient,1,corroborated,1,0.9,744,cf7fbd25ff4e1ce54cca35a68b93898de5caf61347b75504b3baa0a50bab0f00,14.6920126423722,True,,19.696209,True,,True,3,True,3,True
CASE_015,A2,UNIT_002,B0,0,no-link,deepseek,DeepSeek,ok,1,1,1,1,sufficient,1,explicit,1,0.9,641,23653b009f73c16095ece310d2076032e4e16f3e6fd8765101cb6c8843f2afda,1.9584055300000003,True,,9.76623510945,True,,True,3,True,3,True
CASE_015,A2,UNIT_002,B1,1,placebo,deepseek,DeepSeek,ok,9,0,1,1,insufficient,0,none,0,0.6,682,3b835db3abe2c105de3ee623f79d50149f06646685d4b0a33f8d4ec9b4403eab,-0.43449399999999994,True,,5.943374728299999,True,,False,3,True,3,True
CASE_015,A2,UNIT_002,B2,2,weak-link,deepseek,DeepSeek,ok,9,0,9,0,insufficient,0,none,0,0.7,690,a5b859d7c857719dc4752e99db1ad6fc9a3b30765a30ded73ca502f43db10028,-11.496462556600001,True,,-6.0776195775,True,,True,3,True,3,True
CASE_015,A2,UNIT_002,B3,3,explicit-link,deepseek,DeepSeek,ok,1,1,1,1,sufficient,1,explicit,1,0.95,643,09d819f861e59d1bfc09cc6c5fa8471e223c6497e352786ca97d94cedb3b4947,22.733955,True,,28.62307,True,,True,3,True,3,True
CASE_015,A2,UNIT_002,B4,4,corroborated-link,deepseek,DeepSeek,ok,1,1,1,1,sufficient,1,corroborated,1,0.95,682,c57289f83930f881dcec450bbf999b36f50e766bf8185a5768f288e55c9238ed,24.362913,True,,31.203032,True,,True,3,True,3,True
CASE_015,A4,UNIT_003,B0,0,no-link,deepseek,DeepSeek,ok,9,0,1,1,insufficient,0,none,0,0.8,633,0fd3b62e484aa7182f81fa1fca5866391c9d5a35e90f49a267c61bb0821053fc,-3.973274415,True,,2.7364513300000004,True,,False,3,True,3,True
CASE_015,A4,UNIT_003,B1,1,placebo,deepseek,DeepSeek,ok,9,0,1,1,insufficient,0,none,0,0.8,670,b104d516b69660ace59f62c6e529fa9d542ed6e9f76fdd953768562d5a6d11b1,-3.1260681399999997,True,,3.968516835,True,,False,3,True,3,True
CASE_015,A4,UNIT_003,B2,2,weak-link,deepseek,DeepSeek,ok,9,0,1,1,insufficient,0,none,0,0.7,631,6b432f870ef8232e02d8c7fb59347f17fdb463d82ebbd27d32e8f404026911b9,0.17827173000000007,True,,3.698147382,True,,False,3,True,3,True
CASE_015,A4,UNIT_003,B3,3,explicit-link,deepseek,DeepSeek,ok,1,1,1,1,sufficient,1,corroborated,1,1.0,649,00a45b014864213c44ee499230994968c36d4c480fd3fe526840d906469d8fda,24.617926,True,,33.114597,True,,True,3,True,3,True
CASE_015,A4,UNIT_003,B4,4,corroborated-link,deepseek,DeepSeek,ok,1,1,1,1,sufficient,1,corroborated,1,1.0,655,aed9c19511e150df67498f25f2cda2834a369b0a4e0a313c339ad512ed11c31a,24.505,True,,36.17505,True,,True,3,True,3,True
CASE_015,D2,UNIT_004,B0,0,no-link,deepseek,DeepSeek,ok,9,0,9,0,insufficient,0,none,0,0.9,615,a66fa5063ca6847db7e797adbfa29fd26d24201274748b14487620075e9dc485,-25.301655509457998,True,,-17.99562192,True,,True,3,True,3,True
CASE_015,D2,UNIT_004,B1,1,placebo,deepseek,DeepSeek,ok,9,0,9,0,sufficient,1,none,0,0.9,656,cf9f11138b6c86191538f43b620fe3a9ca7104ac730b7c39fb173b35d8dd7c0b,-23.669255006183,True,,-19.190161442,True,,True,3,True,3,True
CASE_015,D2,UNIT_004,B2,2,weak-link,deepseek,DeepSeek,ok,9,0,9,0,insufficient,0,none,0,0.6,667,9682dde7f945dc555d3a5559115180855306f8a871c7150cb78df8eb97469387,-15.387665847468,True,,-11.207896479742,True,,True,3,True,3,True
CASE_015,D2,UNIT_004,B3,3,explicit-link,deepseek,DeepSeek,ok,1,1,1,1,sufficient,1,explicit,1,0.8,617,389c4471846b5e2a55ccc60fe2f05110d8da63694b95643bdc317bdf662fd158,11.113085787668,True,,12.289843112430999,True,,True,3,True,3,True
CASE_015,D2,UNIT_004,B4,4,corroborated-link,deepseek,DeepSeek,ok,1,1,1,1,sufficient,1,corroborated,1,0.8,658,877e60a68d845008bf80f755994ed468d5a979f701c9371ef51a8b2e8749613d,13.039218854235,True,,23.173338,True,,True,3,True,3,True
CASE_015,E1,UNIT_005,B0,0,no-link,deepseek,DeepSeek,ok,1,1,1,1,sufficient,1,corroborated,1,0.9,630,927bd25afedc8bf38d40e061bfca035d486431da81f1d89e26f188d4d771788c,13.4346333310713,True,,19.576803,True,,True,3,True,3,True
CASE_015,E1,UNIT_005,B1,1,placebo,deepseek,DeepSeek,ok,1,1,1,1,sufficient,1,corroborated,1,0.9,671,ec8d73617e4513d6e1cc22cdfc07758f7e303144a1f5e3d02730a5dbad51eff7,11.9653925627193,True,,23.297823,True,,True,3,True,3,True
CASE_015,E1,UNIT_005,B2,2,weak-link,deepseek,DeepSeek,ok,1,1,1,1,borderline,0,weak,0,0.8,681,d1886a1544a1aecdaa8e95a4054a043114afe76a36095f552b1497f3b20f748e,3.723422484,True,,14.1546747847445,True,,True,3,True,3,True
CASE_015,E1,UNIT_005,B3,3,explicit-link,deepseek,DeepSeek,ok,1,1,1,1,sufficient,1,explicit,1,0.95,627,8afc2759b458e11235b26041517bc8210f8684b574a1c68826b7e893f321c711,20.342087,True,,37.185818,True,,True,3,True,3,True
CASE_015,E1,UNIT_005,B4,4,corroborated-link,deepseek,DeepSeek,ok,1,1,1,1,sufficient,1,corroborated,1,0.95,670,4e3bd8cf14d2b52ce187d7fcd49c5196a9a9f719f7eaaa046b0d095631cc8ac9,26.919752,True,,38.719357,True,,True,3,True,3,True
CASE_018,A2,UNIT_006,B0,0,no-link,deepseek,DeepSeek,ok,1,1,1,1,sufficient,1,explicit,1,0.9,650,7802274ff83f74497fc1828b2be5cd60d28810b02fb31e5d409f8b13af28357a,4.28744721,True,,5.20996642,True,,True,3,True,3,True
CASE_018,A2,UNIT_006,B1,1,placebo,deepseek,DeepSeek,ok,1,1,1,1,sufficient,1,explicit,1,0.9,691,6b9175d4b7a54e05f19ed5fb76007ef5d4bd352a4cc0183e96a6944c1e296380,-0.8494405,True,,6.357051261,True,,True,3,True,3,True
CASE_018,A2,UNIT_006,B2,2,weak-link,deepseek,DeepSeek,ok,9,0,9,0,insufficient,0,none,0,0.8,699,f17077ccadf9421c1aa4c8b74bfc23123fbcd6288a92199d51c1af6cf2692bfd,-15.330653523699999,True,,-11.7183743065,True,,True,3,True,3,True
CASE_018,A2,UNIT_006,B3,3,explicit-link,deepseek,DeepSeek,ok,1,1,1,1,sufficient,1,explicit,1,0.95,679,57ee67f219753b9cadfc99090236e4fc835d4354ac8610429d632d906f451800,25.029593,True,,32.019154,True,,True,3,True,3,True
CASE_018,A2,UNIT_006,B4,4,corroborated-link,deepseek,DeepSeek,ok,1,1,1,1,sufficient,1,corroborated,1,1.0,718,ef0bcbd3e12d105c40f5145fedffb31d5bbf9ee093add8c63a0e63947c70c47d,22.677319,True,,31.598654,True,,True,3,True,3,True
CASE_018,A4,UNIT_007,B0,0,no-link,deepseek,DeepSeek,ok,9,0,9,0,insufficient,0,none,0,0.9,649,883809b30a55c0f9b5130dc88d84a5894077e0735e40ed29cdb007825063737d,-28.1883636423722,True,,-21.51154627793,True,,True,3,True,3,True
CASE_018,A4,UNIT_007,B1,1,placebo,deepseek,DeepSeek,ok,9,0,9,0,insufficient,0,none,0,0.9,686,f11eae1a1c61e6d527a7b54fc8e01ab1d72a5028dc3e95e9f70263d73a6527b8,-25.4797364237277,True,,-23.748909301,True,,True,3,True,3,True
CASE_018,A4,UNIT_007,B2,2,weak-link,deepseek,DeepSeek,ok,9,0,9,0,insufficient,0,none,0,0.9,664,6ab89167cf295b115d02928e9804e1a1eda30576f720fbc8d366d140a89595f3,-25.7787439734441,True,,-19.775445975999997,True,,True,3,True,3,True
CASE_018,A4,UNIT_007,B3,3,explicit-link,deepseek,DeepSeek,ok,1,1,1,1,sufficient,1,explicit,1,0.95,663,b5032ebd1acdacf94a914ab4821fb9f304cf266a52add03c13ff41a12b4b1cf7,23.351854,True,,30.88441,True,,True,3,True,3,True
CASE_018,A4,UNIT_007,B4,4,corroborated-link,deepseek,DeepSeek,ok,1,1,1,1,sufficient,1,corroborated,1,0.95,674,c5f0d50a1106d6c14dd8504b25820b9f293a8a7c1c980cf47d9bb935f9f36061,18.718138,True,,30.453585,True,,True,3,True,3,True
CASE_018,E1,UNIT_008,B0,0,no-link,deepseek,DeepSeek,ok,1,1,1,1,sufficient,1,explicit,1,0.8,662,448a5e2c2e1595e9016f975a2963adcfae2b52be1f1770125052abe90cdf07d4,6.068246317,True,,10.136245304096,True,,True,3,True,3,True
CASE_018,E1,UNIT_008,B1,1,placebo,deepseek,DeepSeek,ok,1,1,1,1,sufficient,1,explicit,1,0.8,703,36b400c32af607b8116787dbbfcce341362f4fdf44cc6e930961fbe9b414f364,4.319577779,True,,10.864051377006,True,,True,3,True,3,True
CASE_018,E1,UNIT_008,B2,2,weak-link,deepseek,DeepSeek,ok,1,1,1,1,borderline,0,weak,0,0.8,713,c70baf3b0fc2cf8a4480ba640b43cad7244ed8041da0d51aabef9d0612b96171,1.54679438,True,,4.353441633,True,,True,3,True,3,True
CASE_018,E1,UNIT_008,B3,3,explicit-link,deepseek,DeepSeek,ok,1,1,1,1,sufficient,1,explicit,1,1.0,658,7eb817c16f07f1550cfd54b4bfa48af608046a974a41c348065a59fa1d8031aa,24.093302,True,,37.920315,True,,True,3,True,3,True
CASE_018,E1,UNIT_008,B4,4,corroborated-link,deepseek,DeepSeek,ok,1,1,1,1,sufficient,1,corroborated,1,1.0,701,42918b5180c69907b5c70e07df6f758641bafebf8ac3779db250a0673e3a59d2,27.388443,True,,39.189014,True,,True,3,True,3,True
CASE_035,A1,UNIT_009,B0,0,no-link,deepseek,DeepSeek,ok,9,0,9,0,insufficient,0,none,0,0.8,641,eef96dccf4b33ea2598ebfdadd7b3f6c3b141756c9af341083030ed4e0163001,-16.309094655384,True,,-11.225237648649,True,,True,3,True,3,True
CASE_035,A1,UNIT_009,B1,1,placebo,deepseek,DeepSeek,ok,9,0,9,0,insufficient,0,none,0,0.8,678,78e9af9c62b52c8372cab27d9074adb8f56880188d99a5eaf03b24d618bc57ba,-13.767046377399,True,,-10.44573179415,True,,True,3,True,3,True
CASE_035,A1,UNIT_009,B2,2,weak-link,deepseek,DeepSeek,ok,9,0,1,1,insufficient,0,none,0,0.8,654,34ce47c62f79063da13b827127b347f38d607f479892d478ef17974b2fb3e1de,-2.48478479,True,,1.3781683599999999,True,,False,3,True,3,True
CASE_035,A1,UNIT_009,B3,3,explicit-link,deepseek,DeepSeek,ok,1,1,1,1,sufficient,1,explicit,1,0.9,668,b4dac7a5c7da81fe76788bbd4a9f4dab23f7bb5d19c82aa0333bddb9e18769eb,11.957375562719301,True,,20.573076,True,,True,3,True,3,True
CASE_035,A1,UNIT_009,B4,4,corroborated-link,deepseek,DeepSeek,ok,1,1,1,1,sufficient,1,corroborated,1,0.9,674,e005866a64f0f85ae9c392704a4cdcac8b090c6b23db5518635c11ec8cf462c8,12.228389112431,True,,15.57936588079072,True,,True,3,True,3,True
CASE_035,E2,UNIT_010,B0,0,no-link,deepseek,DeepSeek,ok,9,0,9,0,insufficient,0,none,0,0.7,632,45a88752db1434224f7d871b0acc8dc3486f5d260ffad908e834923ebe830b1e,-7.1734619368,True,,-0.98853513,True,,True,3,True,3,True
CASE_035,E2,UNIT_010,B1,1,placebo,deepseek,DeepSeek,ok,9,0,9,0,insufficient,0,none,0,0.8,673,c911d199e23bec275ab92e010bf8134602432c8f1eee710cee662131ac5c9842,-5.858241453700001,True,,1.16335737,True,,True,3,True,3,True
CASE_035,E2,UNIT_010,B2,2,weak-link,deepseek,DeepSeek,ok,9,0,9,0,insufficient,0,none,0,0.8,688,226967262edf43d0e37aa3482da0c3099e1608165eb248d36f87208e2ce4c621,-7.21023581494,True,,1.0391835200000001,True,,True,3,True,3,True
CASE_035,E2,UNIT_010,B3,3,explicit-link,deepseek,DeepSeek,ok,1,1,1,1,sufficient,1,explicit,1,0.95,659,abc110b83c6fbf27ef182b50bdb5390a9545d69f051cee0a36f43b8a77543dd1,19.697811,True,,29.686728,True,,True,3,True,3,True
CASE_035,E2,UNIT_010,B4,4,corroborated-link,deepseek,DeepSeek,ok,1,1,1,1,sufficient,1,corroborated,1,1.0,704,8c5a7a5d9c7dd1c0ab5c4eabdb540750b3f18f88f672e1dc0a099b8ed766f667,22.95754,True,,31.638142,True,,True,3,True,3,True
CASE_081,A1,UNIT_016,B0,0,no-link,deepseek,DeepSeek,ok,9,0,9,0,insufficient,0,none,0,0.9,629,a4654f10d94241603ab73bd4f182060b1b24a220c2cbb430049b3472d8738d19,-17.855878927117,True,,-17.6863369666765,True,,True,3,True,3,True
CASE_081,A1,UNIT_016,B1,1,placebo,deepseek,DeepSeek,ok,9,0,9,0,insufficient,0,none,0,0.9,666,2bfe4007bfab3e90e5145e46f9b0db13f80e7d719363db2184581c11f4e34247,-20.52044976158145,True,,-17.124515184938,True,,True,3,True,3,True
CASE_081,A1,UNIT_016,B2,2,weak-link,deepseek,DeepSeek,ok,9,0,9,0,insufficient,0,none,0,0.8,649,f1d0bb61056959e5d0a2181c2576d3bc8114f281b19cd9c4c8f2e3acd9f339d7,-7.71513811684,True,,-9.88014245692,True,,True,3,True,3,True
CASE_081,A1,UNIT_016,B3,3,explicit-link,deepseek,DeepSeek,ok,1,1,1,1,sufficient,1,explicit,1,0.95,647,331817b2325f7064d68332c7af413eb1c93750fe7ca11fbec9c0565ed9ae2ee1,14.770496642372201,True,,20.500374,True,,True,3,True,3,True
CASE_081,A1,UNIT_016,B4,4,corroborated-link,deepseek,DeepSeek,ok,1,1,1,1,sufficient,1,corroborated,1,0.9,669,fe2c0443bbff968820e2bc155b1bf243f56ee7fdda8001c54a9671af80e04902,16.28781488079072,True,,23.572464,True,,True,3,True,3,True
CASE_081,A2,UNIT_017,B0,0,no-link,deepseek,DeepSeek,ok,9,0,0,0,insufficient,0,none,0,0.8,662,593f59de058ff6088a1fedaa97b4ad59369722d7e0e34f7d9a12e38072a7d35d,-4.892278527,True,,-10.536243657999998,True,,False,3,True,3,True
CASE_081,A2,UNIT_017,B1,1,placebo,deepseek,DeepSeek,ok,9,0,9,0,insufficient,0,none,0,0.7,703,6a0a9e24ebcfe952e3b1bd65964b911537e45a93b6bc6ec29fd456f104769eb1,-3.660262067,True,,-8.732627011,True,,True,3,True,3,True
CASE_081,A2,UNIT_017,B2,2,weak-link,deepseek,DeepSeek,ok,9,0,9,0,insufficient,0,none,0,0.7,711,011526f569ee07bf40076fadca44311828da92e1193c9a6104e684601f929ddc,-13.76261051587,True,,-11.210278529242,True,,True,3,True,3,True
CASE_081,A2,UNIT_017,B3,3,explicit-link,deepseek,DeepSeek,ok,1,1,1,1,sufficient,1,explicit,1,0.95,678,86a111d11a73638406c0ff4b7221de3652e51a5afe0119bb721caba9c241451b,20.640635,True,,35.74119,True,,True,3,True,3,True
CASE_081,A2,UNIT_017,B4,4,corroborated-link,deepseek,DeepSeek,ok,1,1,1,1,sufficient,1,explicit,1,1.0,717,03c3acdd6568b730b40ea2665f2e73382e6497f31892ae8a386f29aa56dbd028,25.164507,True,,32.78099,True,,True,3,True,3,True
CASE_081,E2,UNIT_018,B0,0,no-link,deepseek,DeepSeek,ok,9,0,9,0,insufficient,0,none,0,0.8,626,15657aa7c6b149ef3ea535be7e3700942193fc02eb8fb06a9892674ecbd18643,-9.8440015507,True,,-3.371462135,True,,True,3,True,3,True
CASE_081,E2,UNIT_018,B1,1,placebo,deepseek,DeepSeek,ok,9,0,9,0,insufficient,0,none,0,0.8,667,2b241fd52da5248822b483ee0e54019e5cf5f2ab873f67745aa5ecace7647384,-6.3022398608,True,,-2.622768036,True,,True,3,True,3,True
CASE_081,E2,UNIT_018,B2,2,weak-link,deepseek,DeepSeek,ok,9,0,9,0,insufficient,0,none,0,0.8,682,844290147ddddb01bc5e4e43e9755e749960d73a9db04247b37b90d78631ca98,-6.9788199268,True,,-4.137775026,True,,True,3,True,3,True
CASE_081,E2,UNIT_018,B3,3,explicit-link,deepseek,DeepSeek,ok,1,1,1,1,sufficient,1,explicit,1,0.9,643,7d73e72fcc0e4905186fd18598eec0cfdd9e5ee6482103d8b9c2e89c65e7c8b1,11.797077013009,True,,30.066032,True,,True,3,True,3,True
CASE_081,E2,UNIT_018,B4,4,corroborated-link,deepseek,DeepSeek,ok,1,1,1,1,sufficient,1,corroborated,1,0.95,688,ea2b0fecebdd6d91c5d6e7f02852fc9c6b37ec707a8eee50aff5b9b62515c7b5,17.693771,True,,23.5847,True,,True,3,True,3,True
CASE_081,F1,UNIT_019,B0,0,no-link,deepseek,DeepSeek,ok,9,0,1,1,insufficient,0,weak,0,0.7,642,dfc7243e7facb8a7419e49b6c4113a87061a142524b86d41fc194a0fc11273a2,-3.8296237680000003,True,,-0.43786188000000004,True,,False,3,True,3,True
CASE_081,F1,UNIT_019,B1,1,placebo,deepseek,DeepSeek,ok,9,0,9,0,insufficient,0,none,0,0.7,679,591f93f9e69319a432f9d390561774a9223dc2896c42c94ab104f271672c0bfa,-1.0902132199999999,True,,-1.0466331,True,,True,3,True,3,True
CASE_081,F1,UNIT_019,B2,2,weak-link,deepseek,DeepSeek,ok,1,1,1,1,borderline,0,weak,0,0.8,641,736d8af5be1e4281729aebd27c6a9a2e306daebd73b8ac38b77dc932e69e53bf,5.685822803,True,,13.9398851655353,True,,True,3,True,3,True
CASE_081,F1,UNIT_019,B3,3,explicit-link,deepseek,DeepSeek,ok,1,1,1,1,sufficient,1,explicit,1,0.9,662,ccf0c36e83f60b4d9463e06e08fe02f1af720d0cc7de3806f6333c93eb8b0684,17.513695,True,,28.060106,True,,True,3,True,3,True
CASE_081,F1,UNIT_019,B4,4,corroborated-link,deepseek,DeepSeek,ok,1,1,1,1,sufficient,1,corroborated,1,0.95,670,9dfd12cad75e66b01cb043a9526cfdd7e83feae41a754ce8ae1540d9cf9e0522,19.597239,True,,30.58785,True,,True,3,True,3,True
CASE_110,A1,UNIT_021,B0,0,no-link,deepseek,DeepSeek,ok,9,0,9,0,insufficient,0,none,0,0.9,616,0d74cbd7067ddbc540585bd0c9122e8c085444d5a2586c36adef895e2e47bbd3,-20.5554912847445,True,,-19.087128,True,,True,3,True,3,True
CASE_110,A1,UNIT_021,B1,1,placebo,deepseek,DeepSeek,ok,9,0,9,0,insufficient,0,none,0,0.9,653,52db15ec50349e412ab660ffbfb464fff9727651631d837eb9de1857327a8f94,-15.0497433508486,True,,-21.377531,True,,True,3,True,3,True
CASE_110,A1,UNIT_021,B2,2,weak-link,deepseek,DeepSeek,ok,9,0,9,0,insufficient,0,none,0,0.7,642,87899f98c9392c77f8bc609d5e595cff3cab38af20805ce809304d77ec67a4c3,-3.53849148,True,,-1.3344574599999999,True,,True,3,True,3,True
CASE_110,A1,UNIT_021,B3,3,explicit-link,deepseek,DeepSeek,ok,1,1,1,1,sufficient,1,explicit,1,0.9,653,69a375f185879135f66df2a1e6df2de05ef512ee9050e46688ad37a212dcbb71,14.757793642372201,True,,25.378048,True,,True,3,True,3,True
CASE_110,A1,UNIT_021,B4,4,corroborated-link,deepseek,DeepSeek,ok,1,1,1,1,sufficient,1,explicit,1,0.95,658,f080278f8d0b18ca31fdafcc00a04b9dfdef5539c2610917751c06e2b90ea931,15.17487676158145,True,,21.530638,True,,True,3,True,3,True
CASE_110,A3,UNIT_022,B0,0,no-link,deepseek,DeepSeek,ok,9,0,9,0,insufficient,0,none,0,0.9,625,5bbb30b96a629447e2815f03bc2f48f12fc853be3ecf23b7df385db1fbe59604,-20.411754339749997,True,,-15.396793650000001,True,,True,3,True,3,True
CASE_110,A3,UNIT_022,B1,1,placebo,deepseek,DeepSeek,ok,9,0,9,0,insufficient,0,none,0,0.9,666,d1e4b0c1ae86562bfb29395ff1971997d308ee3deab1c75a8a0e581496f731de,-18.00704434928,True,,-14.509424464,True,,True,3,True,3,True
CASE_110,A3,UNIT_022,B2,2,weak-link,deepseek,DeepSeek,ok,9,0,9,0,insufficient,0,none,0,0.9,674,e4ad62cfaf4d36f11a5a49eca67341af97d4ffdb55c4ee54d644b362c760ade8,-21.141967854235002,True,,-22.9226411655353,True,,True,3,True,3,True
CASE_110,A3,UNIT_022,B3,3,explicit-link,deepseek,DeepSeek,ok,1,1,1,1,sufficient,1,explicit,1,0.9,635,a07bcddc45472d39bc18d722f5181a5b0dbe5aa7e6be11d898678c1c2f7c02ee,1.5381077399999998,True,,0.25906156999999996,True,,True,3,True,3,True
CASE_110,A3,UNIT_022,B4,4,corroborated-link,deepseek,DeepSeek,ok,1,1,1,1,sufficient,1,corroborated,1,0.9,672,b37fdc5178846c66b8fec54e4bfa2e9ff4a389d80d10d54a31f050b288b4d9be,5.258941667699999,True,,6.98831857,True,,True,3,True,3,True
CASE_110,E1,UNIT_023,B0,0,no-link,deepseek,DeepSeek,ok,1,1,1,1,sufficient,1,explicit,1,0.9,612,bbf0f9f1c7f2c658f6c0acb72f853640623571d6ba77319af0a014bef2079e1a,2.775911694,True,,10.63082608557,True,,True,3,True,3,True
CASE_110,E1,UNIT_023,B1,1,placebo,deepseek,DeepSeek,ok,1,1,1,1,sufficient,1,explicit,1,0.9,653,230ccb9e789202be703e1787fa3edefe52599bd44031a318883045c374708807,4.626830179000001,True,,6.3092314983,True,,True,3,True,3,True
CASE_110,E1,UNIT_023,B2,2,weak-link,deepseek,DeepSeek,ok,9,0,1,1,insufficient,0,none,0,0.6,663,6e936728d2fafac28537647f9eeecb90aafd54c1d906023997f8ce771c7402ba,-0.49805777,True,,6.9907325690999995,True,,False,3,True,3,True
CASE_110,E1,UNIT_023,B3,3,explicit-link,deepseek,DeepSeek,ok,1,1,1,1,sufficient,1,explicit,1,1.0,643,45621b6c2483d5a91c62d07710b3da2a80bd2ecffb4163dc3a9fca82221b9709,26.863377,True,,37.6556,True,,True,3,True,3,True
CASE_110,E1,UNIT_023,B4,4,corroborated-link,deepseek,DeepSeek,ok,1,1,1,1,sufficient,1,corroborated,1,1.0,686,956cc60418db91fcf5a32ffd6a1c20d6e70579e1777e9e491e02e6414deb4589,29.077084,True,,41.25296,True,,True,3,True,3,True
CASE_116,A1,UNIT_024,B0,0,no-link,deepseek,DeepSeek,ok,9,0,9,0,insufficient,0,none,0,0.8,629,14c9786ebcc4ede05f296838ebf3bf0ec5bfd047da1bde7ea0f6d12fcbe12f00,-13.0029841389811,True,,-14.159552284744501,True,,True,3,True,3,True
CASE_116,A1,UNIT_024,B1,1,placebo,deepseek,DeepSeek,ok,9,0,9,0,insufficient,0,none,0,0.8,666,ea56fda81e015d9ba388c3290ff72d908d4506f6333f65418913c488f3e502ac,-9.28847225947,True,,-12.4182349468923,True,,True,3,True,3,True
CASE_116,A1,UNIT_024,B2,2,weak-link,deepseek,DeepSeek,ok,1,1,1,1,sufficient,1,weak,0,0.8,660,96b1d8015110c79083fc9a69f4e9114653e881eb5c822b2d39ee72d634aabfd8,6.5309309512,True,,12.8078082581902,True,,True,3,True,3,True
CASE_116,A1,UNIT_024,B3,3,explicit-link,deepseek,DeepSeek,ok,1,1,1,1,sufficient,1,explicit,1,0.95,690,61e9180fe13261c97dc4f128bf560fe54b8ed00fe7ab639fe12a0b50e713c76a,15.43338876158145,True,,21.131445,True,,True,3,True,3,True
CASE_116,A1,UNIT_024,B4,4,corroborated-link,deepseek,DeepSeek,ok,1,1,1,1,sufficient,1,explicit,1,0.9,736,4c4bc4617d2fc621310797d369ed6c7478aab71968a2c0eb782278fdb2551256,13.80318804632614,True,,20.764154,True,,True,3,True,3,True
CASE_116,C4,UNIT_025,B0,0,no-link,deepseek,DeepSeek,ok,9,0,9,0,insufficient,0,none,0,0.7,640,6d8d5e550ada3d005f80a21efea5f49b3b90cf1f73d1b39b35a950abedaf0b13,-11.402310546,True,,-10.2338304149,True,,True,3,True,3,True
CASE_116,C4,UNIT_025,B1,1,placebo,deepseek,DeepSeek,ok,9,0,9,0,insufficient,0,none,0,0.8,677,2d5b028fbf2c2601b8405ff7b923528d39859abcdd48cfbfe4dfe6c8a001d72c,-4.750856757999999,True,,-9.451637134,True,,True,3,True,3,True
CASE_116,C4,UNIT_025,B2,2,weak-link,deepseek,DeepSeek,ok,9,0,0,0,insufficient,0,weak,0,0.6,648,e6e269759e20514532a7ae5728ffac2e0e0ab908fe0d88917a1ac7180813d845,-7.326818224,True,,-6.053853999999999,True,,False,3,True,3,True
CASE_116,C4,UNIT_025,B3,3,explicit-link,deepseek,DeepSeek,ok,1,1,1,1,sufficient,1,explicit,1,0.9,657,feb201a3bc4fb54b8ce49d19c6645e204b60f31b7f3e810e865656f79f110267,8.40510283335,True,,14.480547523162961,True,,True,3,True,3,True
CASE_116,C4,UNIT_025,B4,4,corroborated-link,deepseek,DeepSeek,ok,1,1,1,1,sufficient,1,corroborated,1,0.9,665,da9d851c19389676fd7ea72302051242c1ef9af6d14a5f4e4d08b21c9e0c6f9e,8.28271024897,True,,14.2265211655353,True,,True,3,True,3,True
CASE_116,E2,UNIT_026,B0,0,no-link,deepseek,DeepSeek,ok,9,0,9,0,insufficient,0,none,0,0.8,637,f2f1b37f03c3837e875cfaac87549aeda6536f692b284f616ce884b287b45c82,-2.55612522,True,,-2.03613838,True,,True,3,True,3,True
CASE_116,E2,UNIT_026,B1,1,placebo,deepseek,DeepSeek,ok,9,0,9,0,insufficient,0,none,0,0.8,678,19b230835dbb1c38064a2c0e54f15770317a2ed68a8ba3d49edf6902e23e1fbe,-2.49171683,True,,-1.9863400799999997,True,,True,3,True,3,True
CASE_116,E2,UNIT_026,B2,2,weak-link,deepseek,DeepSeek,ok,1,1,9,0,borderline,0,weak,0,0.7,693,6e58e1e922a1d89f16df4193fb88a05954bd9e0614f7af323798387c5a62d9f9,-0.6067602999999999,True,,-0.20753584999999997,True,,False,3,True,3,True
CASE_116,E2,UNIT_026,B3,3,explicit-link,deepseek,DeepSeek,ok,1,1,1,1,sufficient,1,explicit,1,1.0,661,b7b68f32a1498065199487b104f8d89a7a4023bfab6fbba10aa22bfc69af9a14,21.488413,True,,32.23499,True,,True,3,True,3,True
CASE_116,E2,UNIT_026,B4,4,corroborated-link,deepseek,DeepSeek,ok,1,1,1,1,sufficient,1,explicit,1,0.95,706,6b42a84cc177d566785b99bfdf23beebd69e601bdce50ea0dea91747ad83d68c,24.236914,True,,30.434074,True,,True,3,True,3,True
CASE_116,F1,UNIT_027,B0,0,no-link,deepseek,DeepSeek,ok,9,0,9,0,insufficient,0,none,0,0.8,639,8006ad45e2dd04e0b2a29977aa418595aa66afa874b556ba31d7c45e7d2e8efd,-18.799870045903,True,,-19.090728927117002,True,,True,3,True,3,True
CASE_116,F1,UNIT_027,B1,1,placebo,deepseek,DeepSeek,ok,9,0,9,0,insufficient,0,none,0,0.9,676,f30f67600980837cdae0d621b56fbcbb5335c949c3a10d44de6254db301b1b72,-16.671808377770002,True,,-17.564577569489497,True,,True,3,True,3,True
CASE_116,F1,UNIT_027,B2,2,weak-link,deepseek,DeepSeek,ok,9,0,9,0,insufficient,0,none,0,0.8,641,69b9249fb31806e2d29e97e384eb15f13bf655dd63eb88b7bd5ac9d30f250eaa,-4.60463947,True,,-4.327458156,True,,True,3,True,3,True
CASE_116,F1,UNIT_027,B3,3,explicit-link,deepseek,DeepSeek,ok,1,1,1,1,sufficient,1,explicit,1,0.9,665,f8cbede2f90b7260c5384717b79b1d3a37252a5eb379f88fe59ef934a37136b6,18.284193,True,,26.786428,True,,True,3,True,3,True
CASE_116,F1,UNIT_027,B4,4,corroborated-link,deepseek,DeepSeek,ok,1,1,1,1,sufficient,1,corroborated,1,0.9,679,d376121cec70e1efb3b7420bff954892a7c4432d7069394049fa60f94e9aa8ed,14.1864181655353,True,,26.227352,True,,True,3,True,3,True
CASE_127,A4,UNIT_028,B0,0,no-link,deepseek,DeepSeek,ok,9,0,9,0,insufficient,0,none,0,0.9,632,88f82e2f28dff143460e0b07e5c865a87f500c85c5ab7efece70ecc4dcbd0322,-29.4223132847445,True,,-26.894832458899998,True,,True,3,True,3,True
CASE_127,A4,UNIT_028,B1,1,placebo,deepseek,DeepSeek,ok,9,0,9,0,insufficient,0,none,0,0.9,669,faa67947e7705a5d59d1ab9508438514ff123bf08a4229074193198f5391a443,-28.930054,True,,-26.0252328941,True,,True,3,True,3,True
CASE_127,A4,UNIT_028,B2,2,weak-link,deepseek,DeepSeek,ok,9,0,9,0,insufficient,0,none,0,0.8,651,636ff38e84adf7d294a48e75850b53eec5b20de5e9be664fd66242073595e1f7,-14.834567563364999,True,,-13.696921229520001,True,,True,3,True,3,True
CASE_127,A4,UNIT_028,B3,3,explicit-link,deepseek,DeepSeek,ok,1,1,1,1,sufficient,1,explicit,1,1.0,646,0bfdc911f8962f1edfbc478228fe66cf0acc9a40354cf46168ae69dc94957195,28.094063,True,,36.26644,True,,True,3,True,3,True
CASE_127,A4,UNIT_028,B4,4,corroborated-link,deepseek,DeepSeek,ok,1,1,1,1,sufficient,1,corroborated,1,1.0,668,a232776b660b38704186f0b2cab1e03d20442144687dbdd0dcbba182c87b3240,27.894354,True,,41.16495,True,,True,3,True,3,True
CASE_159,A1,UNIT_032,B0,0,no-link,deepseek,DeepSeek,ok,9,0,9,0,insufficient,0,none,0,0.8,636,2bd047c1821453b0df7fa5162dd09293d30d22ef8636782ab57d393a345f243e,-18.3345371655353,True,,-13.8383924435104,True,,True,3,True,3,True
CASE_159,A1,UNIT_032,B1,1,placebo,deepseek,DeepSeek,ok,9,0,9,0,insufficient,0,none,0,0.8,673,be5f957a899d256bd3826159c740c23f8ca8f4e9daef165a264d9fd810a68dc0,-14.8957942847445,True,,-11.134022410037002,True,,True,3,True,3,True
CASE_159,A1,UNIT_032,B2,2,weak-link,deepseek,DeepSeek,ok,9,0,9,0,insufficient,0,none,0,0.8,640,10b22d5ffd74837acfbea2f8895ca511cf7d6b0836a0cea22f4359b1fcc3ded0,-17.873655,True,,-9.684878774686,True,,True,3,True,3,True
CASE_159,A1,UNIT_032,B3,3,explicit-link,deepseek,DeepSeek,ok,1,1,1,1,sufficient,1,explicit,1,0.9,664,d33c79ed672e08568922fa3e43578e58bdc3e76012b302c1ce084108cf52ec09,14.358378403953699,True,,22.597706,True,,True,3,True,3,True
CASE_159,A1,UNIT_032,B4,4,corroborated-link,deepseek,DeepSeek,ok,1,1,1,1,sufficient,1,explicit,1,0.9,660,7fbd9049b22e1810c76c2347abd5321323a9bffac4402dcb334943bd33bcfd97,21.0075,True,,19.122904,True,,True,3,True,3,True
CASE_159,A2,UNIT_033,B0,0,no-link,deepseek,DeepSeek,ok,9,0,9,0,insufficient,0,none,0,0.7,651,f4dbe605d70ed798ef08c486c0e05117d1cf0099bbba34eee45e75e90e9b6731,-9.76074752786,True,,-9.728366301700001,True,,True,3,True,3,True
CASE_159,A2,UNIT_033,B1,1,placebo,deepseek,DeepSeek,ok,9,0,9,0,insufficient,0,none,0,0.8,692,a32fcc042ff8347cbe61e44a9a2a28390fccce9a9875205332bb5cad733ea067,-10.690944813,True,,-6.165864286,True,,True,3,True,3,True
CASE_159,A2,UNIT_033,B2,2,weak-link,deepseek,DeepSeek,ok,9,0,9,0,insufficient,0,none,0,0.8,700,d3973cc547be9c56380e4b3453fe800fc81b7e3382b669d640a0c7bfd3d3fc63,-15.89173488928,True,,-12.1421049217,True,,True,3,True,3,True
CASE_159,A2,UNIT_033,B3,3,explicit-link,deepseek,DeepSeek,ok,0,0,0,0,sufficient,1,explicit,1,0.95,669,1efe1f9b0b0cf8f6ee66f2caaa3e8ea56e1a5e9fd967505b0598d5f54a443f79,1.5989847000000004,True,,4.7978645,True,,True,3,True,3,True
CASE_159,A2,UNIT_033,B4,4,corroborated-link,deepseek,DeepSeek,ok,0,0,0,0,sufficient,1,explicit,1,0.95,708,33d12e209dfd3965325d4a0e067419c0f6915c92ddb116671851470f9041588a,0.9462901000000001,True,,4.384138699999999,True,,True,3,True,3,True
CASE_159,A4,UNIT_034,B0,0,no-link,deepseek,DeepSeek,ok,9,0,1,1,insufficient,0,none,0,0.6,652,0451949c78e67c4008383276a38a659132a013ffb6b6591ec5d35c7768f15a2d,-0.09041370000000004,True,,4.705652551,True,,False,3,True,3,True
CASE_159,A4,UNIT_034,B1,1,placebo,deepseek,DeepSeek,ok,1,1,1,1,borderline,0,weak,0,0.8,689,62de22c25e3dc8626b70d0d00c8e185b90ac865a20a3cb12ff12176f8219666a,1.0309329,True,,2.132301276,True,,True,3,True,3,True
CASE_159,A4,UNIT_034,B2,2,weak-link,deepseek,DeepSeek,ok,1,1,1,1,borderline,0,weak,0,0.8,665,d04644b1ead7cc36bf7b3f79dca89dc4e892836d523678f3e4dd934238f47190,0.52711493,True,,9.93394602116,True,,True,3,True,3,True
CASE_159,A4,UNIT_034,B3,3,explicit-link,deepseek,DeepSeek,ok,1,1,1,1,sufficient,1,explicit,1,0.95,659,fcb6c9dd1e3934868bd47ee46c3ddad4ece984052e861f8f0570300c4f5de3d1,21.041365,True,,29.428211,True,,True,3,True,3,True
CASE_159,A4,UNIT_034,B4,4,corroborated-link,deepseek,DeepSeek,ok,1,1,1,1,sufficient,1,corroborated,1,0.9,696,4cb2615e91f7eaf2bc9329550d06781e894a316feab4f8caf1698ccddf921ea8,19.702732,True,,32.567825,True,,True,3,True,3,True
CASE_179,A1,UNIT_035,B0,0,no-link,deepseek,DeepSeek,ok,9,0,9,0,insufficient,0,none,0,0.9,628,5fd7e1bc8de55edc21eb20071e64cf05b8f64fea7c4508788cf5533bb26b7060,-22.9365,True,,-21.637192,True,,True,3,True,3,True
CASE_179,A1,UNIT_035,B1,1,placebo,deepseek,DeepSeek,ok,9,0,9,0,insufficient,0,none,0,0.9,665,d584157f1d617d97463aaf319512352f71c8c91ecad539c91dbd7d0dbad0008e,-22.24294988079072,True,,-19.463245,True,,True,3,True,3,True
CASE_179,A1,UNIT_035,B2,2,weak-link,deepseek,DeepSeek,ok,9,0,9,0,insufficient,0,none,0,0.8,699,6d6948be7cd95e6eb9b08ab465ae6f83f1a9cfd8390d0ba1020db04eeedc1759,-12.076263277970499,True,,-17.326857,True,,True,3,True,3,True
CASE_179,A1,UNIT_035,B3,3,explicit-link,deepseek,DeepSeek,ok,1,1,1,1,sufficient,1,explicit,1,0.9,651,593935239ebb857194082fb51cebb71c8ae8184f419d07a03ac28b9702bda686,11.8157686090513,True,,18.518192,True,,True,3,True,3,True
CASE_179,A1,UNIT_035,B4,4,corroborated-link,deepseek,DeepSeek,ok,1,1,1,1,sufficient,1,explicit,1,0.9,693,0bece4a42339eaffd74cb9e7c52a23cf172e3a268d17163d04eaf24ddeb1d9a4,12.264045231639999,True,,17.23278,True,,True,3,True,3,True
CASE_179,A2,UNIT_036,B0,0,no-link,deepseek,DeepSeek,ok,9,0,9,0,insufficient,0,none,0,0.9,653,3ad91d96f08d59f24db5f6c0c0e815cf129c3661bafd286bea8a8b10d021f4ae,-15.410031171,True,,-9.82022922,True,,True,3,True,3,True
CASE_179,A2,UNIT_036,B1,1,placebo,deepseek,DeepSeek,ok,9,0,9,0,insufficient,0,none,0,0.8,694,e746b8f6b647065bc3675e34ed21696eee0f3a166b75b7e883aae9ffe3a4cae2,-8.07950709,True,,-11.13498116,True,,True,3,True,3,True
CASE_179,A2,UNIT_036,B2,2,weak-link,deepseek,DeepSeek,ok,9,0,9,0,insufficient,0,none,0,0.8,702,5c007e695ad47cdc9571157d84c8647b53cab9efe6c5d694334a5cda223a8201,-18.24813339043,True,,-15.04217494023,True,,True,3,True,3,True
CASE_179,A2,UNIT_036,B3,3,explicit-link,deepseek,DeepSeek,ok,1,1,1,1,sufficient,1,explicit,1,0.9,669,e4ac5b7f6a26514dec6dc30ee290eb2984ea93983b8485a864e8fb0d0d574dd4,13.969137973444099,True,,15.19660518531,True,,True,3,True,3,True
CASE_179,A2,UNIT_036,B4,4,corroborated-link,deepseek,DeepSeek,ok,1,1,1,1,sufficient,1,explicit,1,0.95,708,bbea433635627e0c0763e515252361b1608fa6e27b6f37028c1261f8a1badad4,11.500009767856001,True,,16.933240735026,True,,True,3,True,3,True
CASE_179,E1,UNIT_037,B0,0,no-link,deepseek,DeepSeek,ok,9,0,9,0,insufficient,0,weak,0,0.7,654,7d4b0e5537b64919aadd79414efa78edcead3ff180caab26922fc11f5251b5b7,-1.68491908,True,,-4.164325446,True,,True,3,True,3,True
CASE_179,E1,UNIT_037,B1,1,placebo,deepseek,DeepSeek,ok,9,0,9,0,insufficient,0,weak,0,0.7,695,80e61b8ad88596dd49308cb1fe084d8f2dcfde03a5f92b00bc203c57a3dd594b,0.524777,True,,-1.58393864,True,,True,3,True,3,True
CASE_179,E1,UNIT_037,B2,2,weak-link,deepseek,DeepSeek,ok,9,0,1,1,insufficient,0,weak,0,0.7,705,46d34482ca9f12cb77633263f0f54e387f7b4556085119df85659c8da11f849d,-1.73452651,True,,0.9670475999999999,True,,False,3,True,3,True
CASE_179,E1,UNIT_037,B3,3,explicit-link,deepseek,DeepSeek,ok,1,1,1,1,sufficient,1,explicit,1,1.0,657,5987bd4520cdd86fcd967e1f3a5b85e978d1e7e7af0e0d07c2d94a2b3235ea21,24.351055,True,,36.871372,True,,True,3,True,3,True
CASE_179,E1,UNIT_037,B4,4,corroborated-link,deepseek,DeepSeek,ok,1,1,1,1,sufficient,1,corroborated,1,1.0,700,af30adaf04138aaf6bb9759000c6ddcc61947db50614aad98efc705f9673e8e5,28.416111,True,,38.407234,True,,True,3,True,3,True
CASE_195,A1,UNIT_039,B0,0,no-link,deepseek,DeepSeek,ok,9,0,9,0,insufficient,0,none,0,0.7,613,753a83fea1b74643147e9bc8fb9914e661f5847a583581337704c546fc56ab21,-16.07373905261,True,,-16.863375933403,True,,True,3,True,3,True
CASE_195,A1,UNIT_039,B1,1,placebo,deepseek,DeepSeek,ok,9,0,9,0,insufficient,0,none,0,0.8,650,debe31c8f81ff6a7cbcb585b7c5c3f0c0c61b496053753a110c0ee6132c0afbe,-18.061779523162958,True,,-19.6738211389811,True,,True,3,True,3,True
CASE_195,A1,UNIT_039,B2,2,weak-link,deepseek,DeepSeek,ok,9,0,9,0,insufficient,0,none,0,0.8,645,cc5a97af904c6f4a2c65cbe4e7217df0cbd6205f1f2c6aa3c3500fcf27a15474,-6.2436622536,True,,-11.434625939857002,True,,True,3,True,3,True
CASE_195,A1,UNIT_039,B3,3,explicit-link,deepseek,DeepSeek,ok,1,1,1,1,sufficient,1,explicit,1,0.9,659,3f8ea9835f94e7d4cfc0b85f3feb7b2a953b1035edf917cb1a0b425eeed70cfc,13.245245211862201,True,,14.55396452316296,True,,True,3,True,3,True
CASE_195,A1,UNIT_039,B4,4,corroborated-link,deepseek,DeepSeek,ok,1,1,1,1,sufficient,1,explicit,1,0.95,668,c7b81e6dc5f4082f6b31f57b85f279847d9fb61e7ea219905040328f2711d111,14.9089656423722,True,,19.765772,True,,True,3,True,3,True
CASE_195,A4,UNIT_040,B0,0,no-link,deepseek,DeepSeek,ok,9,0,9,0,insufficient,0,none,0,0.9,633,935ca2e583f01f23bced7df4108b145f8b1ed67b8355b89c70459f9c3ab17c8a,-15.93619859,True,,-12.432895017,True,,True,3,True,3,True
CASE_195,A4,UNIT_040,B1,1,placebo,deepseek,DeepSeek,ok,9,0,9,0,insufficient,0,none,0,0.8,670,193c61ccaf988c2fa397d2fc88489beaa119dc83b6af046b48d4a77cede8b562,-17.645846595467,True,,-14.456225748000001,True,,True,3,True,3,True
CASE_195,A4,UNIT_040,B2,2,weak-link,deepseek,DeepSeek,ok,9,0,9,0,insufficient,0,none,0,0.8,653,2ef3ea7c386ead574e8ef3f0d954e07074cf158bc1bc3d7d239fe70c69bfe0af,-20.62871183401,True,,-8.873334275,True,,True,3,True,3,True
CASE_195,A4,UNIT_040,B3,3,explicit-link,deepseek,DeepSeek,ok,1,1,1,1,sufficient,1,explicit,1,1.0,664,34cb0217018ff06e784f210717efde304481dd6c21d2329819b48e803d3a7f5e,23.80011,True,,36.48605,True,,True,3,True,3,True
CASE_195,A4,UNIT_040,B4,4,corroborated-link,deepseek,DeepSeek,ok,1,1,1,1,sufficient,1,corroborated,1,0.95,674,f41a7c3a17932f04c42d1be5c7aa2aa446b5c5cbeae54bedadd47c38b393bb07,24.6361,True,,36.15651,True,,True,3,True,3,True
CASE_015,A1,UNIT_001,B0,0,no-link,seed,Doubao/Seed,ok,9,0,9,0,insufficient,0,none,0,0.6,588,7a0b04ffed0f597e4e5bac6c3e32546e49b6e58f193e3d117d80e19e483b5738,,False,upper_bound_selected_9_missing_1,,False,upper_bound_selected_9_missing_1,True,1,False,1,False
CASE_015,A1,UNIT_001,B1,1,placebo,seed,Doubao/Seed,ok,9,0,9,0,insufficient,0,none,0,0.8,625,7b32106fe6b0d031d4889d5c022197b710360fc4f45d3a196fc3f646ca351703,,False,upper_bound_selected_9_missing_1,,False,upper_bound_selected_9_missing_1,True,1,False,1,False
CASE_015,A1,UNIT_001,B2,2,weak-link,seed,Doubao/Seed,ok,9,0,1,1,insufficient,0,weak,0,0.6,647,63dcf363b79d2de2b221797719ff6816516c798971007cfbd2546d8b024d173e,-8.499796867370605,True,,2.75048828125,True,,False,3,True,3,True
CASE_015,A1,UNIT_001,B3,3,explicit-link,seed,Doubao/Seed,ok,1,1,1,1,sufficient,1,corroborated,1,0.95,691,9f2efe4c933dbb95b6a7ae2fcdc411830a9249c7fa55c127fdca7f56764c6f7b,,False,lower_bound_selected_1_missing_9,,False,lower_bound_selected_1_missing_9,True,1,False,1,False
CASE_015,A1,UNIT_001,B4,4,corroborated-link,seed,Doubao/Seed,ok,1,1,1,1,sufficient,1,corroborated,1,0.95,744,cf7fbd25ff4e1ce54cca35a68b93898de5caf61347b75504b3baa0a50bab0f00,,False,lower_bound_selected_1_missing_9,,False,lower_bound_selected_1_missing_9,True,1,False,1,False
CASE_015,A2,UNIT_002,B0,0,no-link,seed,Doubao/Seed,ok,0,0,9,0,sufficient,1,explicit,1,0.9,641,23653b009f73c16095ece310d2076032e4e16f3e6fd8765101cb6c8843f2afda,-40.5,True,,,False,upper_bound_selected_9_missing_1,False,3,True,2,False
CASE_015,A2,UNIT_002,B1,1,placebo,seed,Doubao/Seed,ok,9,0,9,0,insufficient,0,none,0,0.8,682,3b835db3abe2c105de3ee623f79d50149f06646685d4b0a33f8d4ec9b4403eab,,False,upper_bound_selected_9_missing_1,,False,upper_bound_selected_9_missing_1,True,2,False,2,False
CASE_015,A2,UNIT_002,B2,2,weak-link,seed,Doubao/Seed,ok,9,0,9,0,insufficient,0,weak,0,0.6,690,a5b859d7c857719dc4752e99db1ad6fc9a3b30765a30ded73ca502f43db10028,,False,upper_bound_selected_9_missing_1,,False,upper_bound_selected_9_missing_1,True,2,False,2,False
CASE_015,A2,UNIT_002,B3,3,explicit-link,seed,Doubao/Seed,ok,1,1,1,1,sufficient,1,corroborated,1,1.0,643,09d819f861e59d1bfc09cc6c5fa8471e223c6497e352786ca97d94cedb3b4947,,False,lower_bound_selected_1_missing_9,,False,lower_bound_selected_1_missing_9,True,1,False,1,False
CASE_015,A2,UNIT_002,B4,4,corroborated-link,seed,Doubao/Seed,ok,1,1,1,1,sufficient,1,corroborated,1,1.0,682,c57289f83930f881dcec450bbf999b36f50e766bf8185a5768f288e55c9238ed,,False,lower_bound_selected_1_missing_9,,False,lower_bound_selected_1_missing_9,True,1,False,1,False
CASE_015,A4,UNIT_003,B0,0,no-link,seed,Doubao/Seed,ok,9,0,9,0,insufficient,0,none,0,0.6,633,0fd3b62e484aa7182f81fa1fca5866391c9d5a35e90f49a267c61bb0821053fc,-18.726806640625,True,,,False,upper_bound_selected_9_missing_1,True,3,True,2,False
CASE_015,A4,UNIT_003,B1,1,placebo,seed,Doubao/Seed,ok,9,0,9,0,insufficient,0,weak,0,0.8,670,b104d516b69660ace59f62c6e529fa9d542ed6e9f76fdd953768562d5a6d11b1,-43.2119140625,True,,,False,upper_bound_selected_9_missing_1,True,3,True,2,False
CASE_015,A4,UNIT_003,B2,2,weak-link,seed,Doubao/Seed,ok,9,0,9,0,insufficient,0,weak,0,0.6,631,6b432f870ef8232e02d8c7fb59347f17fdb463d82ebbd27d32e8f404026911b9,-33.9375,True,,,False,upper_bound_selected_9_missing_1,True,3,True,2,False
CASE_015,A4,UNIT_003,B3,3,explicit-link,seed,Doubao/Seed,ok,1,1,1,1,sufficient,1,corroborated,1,1.0,649,00a45b014864213c44ee499230994968c36d4c480fd3fe526840d906469d8fda,,False,lower_bound_selected_1_missing_9,,False,lower_bound_selected_1_missing_9,True,1,False,1,False
CASE_015,A4,UNIT_003,B4,4,corroborated-link,seed,Doubao/Seed,ok,1,1,1,1,sufficient,1,corroborated,1,1.0,655,aed9c19511e150df67498f25f2cda2834a369b0a4e0a313c339ad512ed11c31a,,False,lower_bound_selected_1_missing_9,,False,lower_bound_selected_1_missing_9,True,1,False,1,False
CASE_015,D2,UNIT_004,B0,0,no-link,seed,Doubao/Seed,ok,9,0,9,0,sufficient,1,none,0,1.0,615,a66fa5063ca6847db7e797adbfa29fd26d24201274748b14487620075e9dc485,,False,upper_bound_selected_9_missing_1,,False,upper_bound_selected_9_missing_1,True,2,False,1,False
CASE_015,D2,UNIT_004,B1,1,placebo,seed,Doubao/Seed,ok,9,0,9,0,sufficient,1,none,0,1.0,656,cf9f11138b6c86191538f43b620fe3a9ca7104ac730b7c39fb173b35d8dd7c0b,,False,upper_bound_selected_9_missing_1,,False,upper_bound_selected_9_missing_1,True,2,False,1,False
CASE_015,D2,UNIT_004,B2,2,weak-link,seed,Doubao/Seed,ok,9,0,9,0,insufficient,0,weak,0,0.5,667,9682dde7f945dc555d3a5559115180855306f8a871c7150cb78df8eb97469387,,False,upper_bound_selected_9_missing_1,,False,upper_bound_selected_9_missing_1,True,1,False,1,False
CASE_015,D2,UNIT_004,B3,3,explicit-link,seed,Doubao/Seed,ok,0,0,0,0,sufficient,1,explicit,1,1.0,617,389c4471846b5e2a55ccc60fe2f05110d8da63694b95643bdc317bdf662fd158,-4.5,True,,,False,missing_1,True,3,True,2,False
CASE_015,D2,UNIT_004,B4,4,corroborated-link,seed,Doubao/Seed,ok,1,1,1,1,sufficient,1,corroborated,1,1.0,658,877e60a68d845008bf80f755994ed468d5a979f701c9371ef51a8b2e8749613d,28.499989867210388,True,,24.374995231628418,True,,True,3,True,3,True
CASE_015,E1,UNIT_005,B0,0,no-link,seed,Doubao/Seed,ok,1,1,1,1,sufficient,1,corroborated,1,0.95,630,927bd25afedc8bf38d40e061bfca035d486431da81f1d89e26f188d4d771788c,40.25,True,,35.5,True,,True,3,True,3,True
CASE_015,E1,UNIT_005,B1,1,placebo,seed,Doubao/Seed,ok,1,1,1,1,sufficient,1,corroborated,1,0.95,671,ec8d73617e4513d6e1cc22cdfc07758f7e303144a1f5e3d02730a5dbad51eff7,,False,lower_bound_selected_1_missing_9,,False,lower_bound_selected_1_missing_9,True,1,False,1,False
CASE_015,E1,UNIT_005,B2,2,weak-link,seed,Doubao/Seed,ok,1,1,1,1,sufficient,1,corroborated,1,0.8,681,d1886a1544a1aecdaa8e95a4054a043114afe76a36095f552b1497f3b20f748e,0.0,True,,4.0130615234375,True,,True,3,True,3,True
CASE_015,E1,UNIT_005,B3,3,explicit-link,seed,Doubao/Seed,ok,1,1,1,1,sufficient,1,corroborated,1,1.0,627,8afc2759b458e11235b26041517bc8210f8684b574a1c68826b7e893f321c711,,False,lower_bound_selected_1_missing_9,,False,lower_bound_selected_1_missing_9,True,1,False,1,False
CASE_015,E1,UNIT_005,B4,4,corroborated-link,seed,Doubao/Seed,ok,1,1,1,1,sufficient,1,corroborated,1,1.0,670,4e3bd8cf14d2b52ce187d7fcd49c5196a9a9f719f7eaaa046b0d095631cc8ac9,,False,lower_bound_selected_1_missing_9,,False,lower_bound_selected_1_missing_9,True,1,False,1,False
CASE_018,A2,UNIT_006,B0,0,no-link,seed,Doubao/Seed,ok,9,0,9,0,insufficient,0,none,0,0.9,650,7802274ff83f74497fc1828b2be5cd60d28810b02fb31e5d409f8b13af28357a,,False,upper_bound_selected_9_missing_1,,False,upper_bound_selected_9_missing_1,True,2,False,2,False
CASE_018,A2,UNIT_006,B1,1,placebo,seed,Doubao/Seed,ok,9,0,9,0,insufficient,0,none,0,0.0,691,6b9175d4b7a54e05f19ed5fb76007ef5d4bd352a4cc0183e96a6944c1e296380,,False,upper_bound_selected_9_missing_1,,False,upper_bound_selected_9_missing_1,True,2,False,2,False
CASE_018,A2,UNIT_006,B2,2,weak-link,seed,Doubao/Seed,ok,9,0,9,0,insufficient,0,weak,0,0.9,699,f17077ccadf9421c1aa4c8b74bfc23123fbcd6288a92199d51c1af6cf2692bfd,,False,upper_bound_selected_9_missing_1,,False,upper_bound_selected_9_missing_1,True,1,False,1,False
CASE_018,A2,UNIT_006,B3,3,explicit-link,seed,Doubao/Seed,ok,1,1,1,1,sufficient,1,explicit,1,1.0,679,57ee67f219753b9cadfc99090236e4fc835d4354ac8610429d632d906f451800,,False,lower_bound_selected_1_missing_9,,False,lower_bound_selected_1_missing_9,True,1,False,1,False
CASE_018,A2,UNIT_006,B4,4,corroborated-link,seed,Doubao/Seed,ok,1,1,1,1,sufficient,1,corroborated,1,1.0,718,ef0bcbd3e12d105c40f5145fedffb31d5bbf9ee093add8c63a0e63947c70c47d,,False,lower_bound_selected_1_missing_9,,False,lower_bound_selected_1_missing_9,True,1,False,1,False
CASE_018,A4,UNIT_007,B0,0,no-link,seed,Doubao/Seed,ok,9,0,9,0,insufficient,0,none,0,0.0,649,883809b30a55c0f9b5130dc88d84a5894077e0735e40ed29cdb007825063737d,,False,upper_bound_selected_9_missing_1,,False,upper_bound_selected_9_missing_1,True,2,False,1,False
CASE_018,A4,UNIT_007,B1,1,placebo,seed,Doubao/Seed,ok,9,0,9,0,sufficient,1,none,0,1.0,686,f11eae1a1c61e6d527a7b54fc8e01ab1d72a5028dc3e95e9f70263d73a6527b8,,False,upper_bound_selected_9_missing_1,,False,upper_bound_selected_9_missing_1,True,2,False,1,False
CASE_018,A4,UNIT_007,B2,2,weak-link,seed,Doubao/Seed,ok,9,0,9,0,insufficient,0,none,0,0.0,664,6ab89167cf295b115d02928e9804e1a1eda30576f720fbc8d366d140a89595f3,,False,upper_bound_selected_9_missing_1,,False,upper_bound_selected_9_missing_1,True,2,False,1,False
CASE_018,A4,UNIT_007,B3,3,explicit-link,seed,Doubao/Seed,ok,1,1,1,1,sufficient,1,explicit,1,1.0,663,b5032ebd1acdacf94a914ab4821fb9f304cf266a52add03c13ff41a12b4b1cf7,,False,lower_bound_selected_1_missing_9,,False,lower_bound_selected_1_missing_9,True,1,False,1,False
CASE_018,A4,UNIT_007,B4,4,corroborated-link,seed,Doubao/Seed,ok,1,1,1,1,sufficient,1,corroborated,1,0.95,674,c5f0d50a1106d6c14dd8504b25820b9f293a8a7c1c980cf47d9bb935f9f36061,,False,lower_bound_selected_1_missing_9,,False,lower_bound_selected_1_missing_9,True,1,False,1,False
CASE_018,E1,UNIT_008,B0,0,no-link,seed,Doubao/Seed,ok,1,1,9,0,sufficient,1,explicit,1,0.9,662,448a5e2c2e1595e9016f975a2963adcfae2b52be1f1770125052abe90cdf07d4,1.501953125,True,,-7.249290466308594,True,,False,3,True,3,True
CASE_018,E1,UNIT_008,B1,1,placebo,seed,Doubao/Seed,ok,9,0,9,0,insufficient,0,weak,0,0.6,703,36b400c32af607b8116787dbbfcce341362f4fdf44cc6e930961fbe9b414f364,,False,upper_bound_selected_9_missing_1,-7.249290466308594,True,,True,2,False,3,True
CASE_018,E1,UNIT_008,B2,2,weak-link,seed,Doubao/Seed,ok,9,0,9,0,insufficient,0,weak,0,0.6,713,c70baf3b0fc2cf8a4480ba640b43cad7244ed8041da0d51aabef9d0612b96171,-4.9932861328125,True,,,False,upper_bound_selected_9_missing_1,True,3,True,2,False
CASE_018,E1,UNIT_008,B3,3,explicit-link,seed,Doubao/Seed,ok,1,1,1,1,sufficient,1,explicit,1,1.0,658,7eb817c16f07f1550cfd54b4bfa48af608046a974a41c348065a59fa1d8031aa,,False,lower_bound_selected_1_missing_9,,False,lower_bound_selected_1_missing_9,True,1,False,1,False
CASE_018,E1,UNIT_008,B4,4,corroborated-link,seed,Doubao/Seed,ok,1,1,1,1,sufficient,1,corroborated,1,1.0,701,42918b5180c69907b5c70e07df6f758641bafebf8ac3779db250a0673e3a59d2,,False,lower_bound_selected_1_missing_9,,False,lower_bound_selected_1_missing_9,True,1,False,1,False
CASE_035,A1,UNIT_009,B0,0,no-link,seed,Doubao/Seed,ok,9,0,9,0,insufficient,0,none,0,1.0,641,eef96dccf4b33ea2598ebfdadd7b3f6c3b141756c9af341083030ed4e0163001,,False,upper_bound_selected_9_missing_1,,False,upper_bound_selected_9_missing_1,True,1,False,1,False
CASE_035,A1,UNIT_009,B1,1,placebo,seed,Doubao/Seed,ok,9,0,9,0,insufficient,0,none,0,0.9,678,78e9af9c62b52c8372cab27d9074adb8f56880188d99a5eaf03b24d618bc57ba,,False,upper_bound_selected_9_missing_1,,False,upper_bound_selected_9_missing_1,True,1,False,1,False
CASE_035,A1,UNIT_009,B2,2,weak-link,seed,Doubao/Seed,ok,9,0,9,0,insufficient,0,weak,0,0.6,654,34ce47c62f79063da13b827127b347f38d607f479892d478ef17974b2fb3e1de,-47.75,True,,-34.75,True,,True,3,True,3,True
CASE_035,A1,UNIT_009,B3,3,explicit-link,seed,Doubao/Seed,ok,1,1,1,1,sufficient,1,corroborated,1,0.95,668,b4dac7a5c7da81fe76788bbd4a9f4dab23f7bb5d19c82aa0333bddb9e18769eb,40.75,True,,,False,lower_bound_selected_1_missing_9,True,3,True,1,False
CASE_035,A1,UNIT_009,B4,4,corroborated-link,seed,Doubao/Seed,ok,1,1,1,1,sufficient,1,corroborated,1,0.95,674,e005866a64f0f85ae9c392704a4cdcac8b090c6b23db5518635c11ec8cf462c8,,False,lower_bound_selected_1_missing_9,,False,lower_bound_selected_1_missing_9,True,1,False,1,False
CASE_035,E2,UNIT_010,B0,0,no-link,seed,Doubao/Seed,ok,9,0,9,0,insufficient,0,none,0,0.8,632,45a88752db1434224f7d871b0acc8dc3486f5d260ffad908e834923ebe830b1e,,False,upper_bound_selected_9_missing_1,,False,upper_bound_selected_9_missing_1,True,2,False,2,False
CASE_035,E2,UNIT_010,B1,1,placebo,seed,Doubao/Seed,ok,9,0,9,0,insufficient,0,none,0,0.0,673,c911d199e23bec275ab92e010bf8134602432c8f1eee710cee662131ac5c9842,,False,upper_bound_selected_9_missing_1,,False,upper_bound_selected_9_missing_1,True,2,False,2,False
CASE_035,E2,UNIT_010,B2,2,weak-link,seed,Doubao/Seed,ok,9,0,9,0,insufficient,0,weak,0,0.6,688,226967262edf43d0e37aa3482da0c3099e1608165eb248d36f87208e2ce4c621,,False,upper_bound_selected_9_missing_1,,False,upper_bound_selected_9_missing_1,True,2,False,2,False
CASE_035,E2,UNIT_010,B3,3,explicit-link,seed,Doubao/Seed,ok,1,1,1,1,sufficient,1,corroborated,1,0.95,659,abc110b83c6fbf27ef182b50bdb5390a9545d69f051cee0a36f43b8a77543dd1,,False,lower_bound_selected_1_missing_9,32.5,True,,True,1,False,3,True
CASE_035,E2,UNIT_010,B4,4,corroborated-link,seed,Doubao/Seed,ok,1,1,1,1,sufficient,1,corroborated,1,1.0,704,8c5a7a5d9c7dd1c0ab5c4eabdb540750b3f18f88f672e1dc0a099b8ed766f667,26.25,True,,,False,lower_bound_selected_1_missing_9,True,3,True,2,False
CASE_081,A1,UNIT_016,B0,0,no-link,seed,Doubao/Seed,ok,9,0,9,0,insufficient,0,none,0,1.0,629,a4654f10d94241603ab73bd4f182060b1b24a220c2cbb430049b3472d8738d19,,False,upper_bound_selected_9_missing_1,,False,upper_bound_selected_9_missing_1,True,1,False,1,False
CASE_081,A1,UNIT_016,B1,1,placebo,seed,Doubao/Seed,ok,9,0,9,0,insufficient,0,none,0,1.0,666,2bfe4007bfab3e90e5145e46f9b0db13f80e7d719363db2184581c11f4e34247,,False,upper_bound_selected_9_missing_1,,False,upper_bound_selected_9_missing_1,True,1,False,1,False
CASE_081,A1,UNIT_016,B2,2,weak-link,seed,Doubao/Seed,ok,9,0,9,0,insufficient,0,none,0,0.8,649,f1d0bb61056959e5d0a2181c2576d3bc8114f281b19cd9c4c8f2e3acd9f339d7,,False,upper_bound_selected_9_missing_1,-37.75,True,,True,2,False,3,True
CASE_081,A1,UNIT_016,B3,3,explicit-link,seed,Doubao/Seed,ok,1,1,1,1,sufficient,1,explicit,1,0.95,647,331817b2325f7064d68332c7af413eb1c93750fe7ca11fbec9c0565ed9ae2ee1,50.75,True,,,False,lower_bound_selected_1_missing_9,True,3,True,1,False
CASE_081,A1,UNIT_016,B4,4,corroborated-link,seed,Doubao/Seed,ok,1,1,1,1,sufficient,1,corroborated,1,0.95,669,fe2c0443bbff968820e2bc155b1bf243f56ee7fdda8001c54a9671af80e04902,,False,lower_bound_selected_1_missing_9,,False,lower_bound_selected_1_missing_9,True,1,False,1,False
CASE_081,A2,UNIT_017,B0,0,no-link,seed,Doubao/Seed,ok,9,0,9,0,sufficient,1,none,0,0.9,662,593f59de058ff6088a1fedaa97b4ad59369722d7e0e34f7d9a12e38072a7d35d,,False,upper_bound_selected_9_missing_1,,False,upper_bound_selected_9_missing_1,True,2,False,2,False
CASE_081,A2,UNIT_017,B1,1,placebo,seed,Doubao/Seed,ok,9,0,9,0,sufficient,1,none,0,0.9,703,6a0a9e24ebcfe952e3b1bd65964b911537e45a93b6bc6ec29fd456f104769eb1,,False,upper_bound_selected_9_missing_1,,False,upper_bound_selected_9_missing_1,True,2,False,2,False
CASE_081,A2,UNIT_017,B2,2,weak-link,seed,Doubao/Seed,ok,9,0,9,0,insufficient,0,none,0,0.9,711,011526f569ee07bf40076fadca44311828da92e1193c9a6104e684601f929ddc,,False,upper_bound_selected_9_missing_1,,False,upper_bound_selected_9_missing_1,True,1,False,2,False
CASE_081,A2,UNIT_017,B3,3,explicit-link,seed,Doubao/Seed,ok,1,1,1,1,sufficient,1,explicit,1,1.0,678,86a111d11a73638406c0ff4b7221de3652e51a5afe0119bb721caba9c241451b,,False,lower_bound_selected_1_missing_9,,False,lower_bound_selected_1_missing_9,True,1,False,1,False
CASE_081,A2,UNIT_017,B4,4,corroborated-link,seed,Doubao/Seed,ok,1,1,1,1,sufficient,1,corroborated,1,0.99,717,03c3acdd6568b730b40ea2665f2e73382e6497f31892ae8a386f29aa56dbd028,,False,lower_bound_selected_1_missing_9,,False,lower_bound_selected_1_missing_9,True,1,False,1,False
CASE_081,E2,UNIT_018,B0,0,no-link,seed,Doubao/Seed,ok,9,0,9,0,insufficient,0,none,0,0.9,626,15657aa7c6b149ef3ea535be7e3700942193fc02eb8fb06a9892674ecbd18643,,False,upper_bound_selected_9_missing_1,,False,upper_bound_selected_9_missing_1,True,1,False,1,False
CASE_081,E2,UNIT_018,B1,1,placebo,seed,Doubao/Seed,ok,9,0,9,0,insufficient,0,none,0,0.9,667,2b241fd52da5248822b483ee0e54019e5cf5f2ab873f67745aa5ecace7647384,,False,upper_bound_selected_9_missing_1,,False,upper_bound_selected_9_missing_1,True,2,False,1,False
CASE_081,E2,UNIT_018,B2,2,weak-link,seed,Doubao/Seed,ok,9,0,9,0,insufficient,0,weak,0,0.9,682,844290147ddddb01bc5e4e43e9755e749960d73a9db04247b37b90d78631ca98,,False,upper_bound_selected_9_missing_1,,False,upper_bound_selected_9_missing_1,True,1,False,1,False
CASE_081,E2,UNIT_018,B3,3,explicit-link,seed,Doubao/Seed,ok,1,1,1,1,sufficient,1,explicit,1,1.0,643,7d73e72fcc0e4905186fd18598eec0cfdd9e5ee6482103d8b9c2e89c65e7c8b1,,False,lower_bound_selected_1_missing_9,,False,lower_bound_selected_1_missing_9,True,1,False,1,False
CASE_081,E2,UNIT_018,B4,4,corroborated-link,seed,Doubao/Seed,ok,1,1,1,1,sufficient,1,corroborated,1,0.95,688,ea2b0fecebdd6d91c5d6e7f02852fc9c6b37ec707a8eee50aff5b9b62515c7b5,,False,lower_bound_selected_1_missing_9,,False,lower_bound_selected_1_missing_9,True,1,False,1,False
CASE_081,F1,UNIT_019,B0,0,no-link,seed,Doubao/Seed,ok,9,0,9,0,insufficient,0,none,0,0.6,642,dfc7243e7facb8a7419e49b6c4113a87061a142524b86d41fc194a0fc11273a2,-23.625,True,,-21.125,True,,True,3,True,3,True
CASE_081,F1,UNIT_019,B1,1,placebo,seed,Doubao/Seed,ok,9,0,9,0,insufficient,0,weak,0,0.8,679,591f93f9e69319a432f9d390561774a9223dc2896c42c94ab104f271672c0bfa,-29.75,True,,-16.75,True,,True,3,True,3,True
CASE_081,F1,UNIT_019,B2,2,weak-link,seed,Doubao/Seed,ok,9,0,1,1,insufficient,0,weak,0,0.6,641,736d8af5be1e4281729aebd27c6a9a2e306daebd73b8ac38b77dc932e69e53bf,-4.23583984375,True,,10.499972462654114,True,,False,3,True,3,True
CASE_081,F1,UNIT_019,B3,3,explicit-link,seed,Doubao/Seed,ok,1,1,1,1,sufficient,1,corroborated,1,0.95,662,ccf0c36e83f60b4d9463e06e08fe02f1af720d0cc7de3806f6333c93eb8b0684,,False,lower_bound_selected_1_missing_9,,False,lower_bound_selected_1_missing_9,True,1,False,1,False
CASE_081,F1,UNIT_019,B4,4,corroborated-link,seed,Doubao/Seed,ok,1,1,1,1,sufficient,1,corroborated,1,1.0,670,9dfd12cad75e66b01cb043a9526cfdd7e83feae41a754ce8ae1540d9cf9e0522,,False,lower_bound_selected_1_missing_9,,False,lower_bound_selected_1_missing_9,True,1,False,1,False
CASE_110,A1,UNIT_021,B0,0,no-link,seed,Doubao/Seed,ok,9,0,9,0,insufficient,0,none,0,1.0,616,0d74cbd7067ddbc540585bd0c9122e8c085444d5a2586c36adef895e2e47bbd3,,False,upper_bound_selected_9_missing_1,,False,upper_bound_selected_9_missing_1,True,1,False,1,False
CASE_110,A1,UNIT_021,B1,1,placebo,seed,Doubao/Seed,ok,9,0,9,0,insufficient,0,none,0,0.9,653,52db15ec50349e412ab660ffbfb464fff9727651631d837eb9de1857327a8f94,,False,upper_bound_selected_9_missing_1,,False,upper_bound_selected_9_missing_1,True,1,False,1,False
CASE_110,A1,UNIT_021,B2,2,weak-link,seed,Doubao/Seed,ok,9,0,9,0,insufficient,0,none,0,0.9,642,87899f98c9392c77f8bc609d5e595cff3cab38af20805ce809304d77ec67a4c3,,False,upper_bound_selected_9_missing_1,,False,upper_bound_selected_9_missing_1,True,1,False,1,False
CASE_110,A1,UNIT_021,B3,3,explicit-link,seed,Doubao/Seed,ok,1,1,1,1,sufficient,1,corroborated,1,0.95,653,69a375f185879135f66df2a1e6df2de05ef512ee9050e46688ad37a212dcbb71,,False,lower_bound_selected_1_missing_9,,False,lower_bound_selected_1_missing_9,True,1,False,1,False
CASE_110,A1,UNIT_021,B4,4,corroborated-link,seed,Doubao/Seed,ok,1,1,1,1,sufficient,1,corroborated,1,1.0,658,f080278f8d0b18ca31fdafcc00a04b9dfdef5539c2610917751c06e2b90ea931,,False,lower_bound_selected_1_missing_9,,False,lower_bound_selected_1_missing_9,True,1,False,1,False
CASE_110,A3,UNIT_022,B0,0,no-link,seed,Doubao/Seed,ok,9,0,9,0,insufficient,0,none,0,0.0,625,5bbb30b96a629447e2815f03bc2f48f12fc853be3ecf23b7df385db1fbe59604,,False,upper_bound_selected_9_missing_1,,False,upper_bound_selected_9_missing_1,True,2,False,2,False
CASE_110,A3,UNIT_022,B1,1,placebo,seed,Doubao/Seed,ok,9,0,9,0,insufficient,0,none,0,0.0,666,d1e4b0c1ae86562bfb29395ff1971997d308ee3deab1c75a8a0e581496f731de,,False,upper_bound_selected_9_missing_1,,False,upper_bound_selected_9_missing_1,True,2,False,2,False
CASE_110,A3,UNIT_022,B2,2,weak-link,seed,Doubao/Seed,ok,9,0,9,0,insufficient,0,none,0,0.6,674,e4ad62cfaf4d36f11a5a49eca67341af97d4ffdb55c4ee54d644b362c760ade8,,False,upper_bound_selected_9_missing_1,,False,upper_bound_selected_9_missing_1,True,1,False,1,False
CASE_110,A3,UNIT_022,B3,3,explicit-link,seed,Doubao/Seed,ok,0,0,9,0,sufficient,1,explicit,1,0.9,635,a07bcddc45472d39bc18d722f5181a5b0dbe5aa7e6be11d898678c1c2f7c02ee,-24.5,True,,-36.2499977350235,True,,False,3,True,3,True
CASE_110,A3,UNIT_022,B4,4,corroborated-link,seed,Doubao/Seed,ok,1,1,1,1,sufficient,1,corroborated,1,0.95,672,b37fdc5178846c66b8fec54e4bfa2e9ff4a389d80d10d54a31f050b288b4d9be,19.75,True,,11.74999213218689,True,,True,3,True,3,True
CASE_110,E1,UNIT_023,B0,0,no-link,seed,Doubao/Seed,ok,9,0,9,0,sufficient,1,weak,0,0.9,612,bbf0f9f1c7f2c658f6c0acb72f853640623571d6ba77319af0a014bef2079e1a,-32.5,True,,-48.0,True,,True,3,True,3,True
CASE_110,E1,UNIT_023,B1,1,placebo,seed,Doubao/Seed,ok,9,0,9,0,insufficient,0,weak,0,0.8,653,230ccb9e789202be703e1787fa3edefe52599bd44031a318883045c374708807,-12.74999713897705,True,,-12.24999475479126,True,,True,3,True,3,True
CASE_110,E1,UNIT_023,B2,2,weak-link,seed,Doubao/Seed,ok,9,0,9,0,insufficient,0,weak,0,0.6,663,6e936728d2fafac28537647f9eeecb90aafd54c1d906023997f8ce771c7402ba,-31.25,True,,-47.75,True,,True,3,True,3,True
CASE_110,E1,UNIT_023,B3,3,explicit-link,seed,Doubao/Seed,ok,1,1,1,1,sufficient,1,corroborated,1,1.0,643,45621b6c2483d5a91c62d07710b3da2a80bd2ecffb4163dc3a9fca82221b9709,,False,lower_bound_selected_1_missing_9,,False,lower_bound_selected_1_missing_9,True,1,False,1,False
CASE_110,E1,UNIT_023,B4,4,corroborated-link,seed,Doubao/Seed,ok,1,1,1,1,sufficient,1,corroborated,1,1.0,686,956cc60418db91fcf5a32ffd6a1c20d6e70579e1777e9e491e02e6414deb4589,,False,lower_bound_selected_1_missing_9,,False,lower_bound_selected_1_missing_9,True,1,False,1,False
CASE_116,A1,UNIT_024,B0,0,no-link,seed,Doubao/Seed,ok,9,0,9,0,insufficient,0,none,0,1.0,629,14c9786ebcc4ede05f296838ebf3bf0ec5bfd047da1bde7ea0f6d12fcbe12f00,,False,upper_bound_selected_9_missing_1,,False,upper_bound_selected_9_missing_1,True,1,False,1,False
CASE_116,A1,UNIT_024,B1,1,placebo,seed,Doubao/Seed,ok,9,0,9,0,insufficient,0,none,0,1.0,666,ea56fda81e015d9ba388c3290ff72d908d4506f6333f65418913c488f3e502ac,,False,upper_bound_selected_9_missing_1,,False,upper_bound_selected_9_missing_1,True,1,False,1,False
CASE_116,A1,UNIT_024,B2,2,weak-link,seed,Doubao/Seed,ok,9,0,9,0,insufficient,0,weak,0,0.3,660,96b1d8015110c79083fc9a69f4e9114653e881eb5c822b2d39ee72d634aabfd8,-15.74999988079071,True,,-9.499925136566162,True,,True,3,True,3,True
CASE_116,A1,UNIT_024,B3,3,explicit-link,seed,Doubao/Seed,ok,1,1,1,1,sufficient,1,explicit,1,0.9,690,61e9180fe13261c97dc4f128bf560fe54b8ed00fe7ab639fe12a0b50e713c76a,3.50146484375,True,,7.499446868896484,True,,True,3,True,3,True
CASE_116,A1,UNIT_024,B4,4,corroborated-link,seed,Doubao/Seed,ok,1,1,1,1,sufficient,1,corroborated,1,0.95,736,4c4bc4617d2fc621310797d369ed6c7478aab71968a2c0eb782278fdb2551256,20.125,True,,6.248069763183594,True,,True,3,True,3,True
CASE_116,C4,UNIT_025,B0,0,no-link,seed,Doubao/Seed,ok,9,0,0,0,insufficient,0,none,0,0.6,640,6d8d5e550ada3d005f80a21efea5f49b3b90cf1f73d1b39b35a950abedaf0b13,,False,upper_bound_selected_9_missing_1,,False,missing_1,False,1,False,2,False
CASE_116,C4,UNIT_025,B1,1,placebo,seed,Doubao/Seed,ok,0,0,0,0,sufficient,1,explicit,1,0.9,677,2d5b028fbf2c2601b8405ff7b923528d39859abcdd48cfbfe4dfe6c8a001d72c,,False,missing_1,,False,missing_1,True,2,False,2,False
CASE_116,C4,UNIT_025,B2,2,weak-link,seed,Doubao/Seed,ok,0,0,0,0,sufficient,1,weak,0,0.9,648,e6e269759e20514532a7ae5728ffac2e0e0ab908fe0d88917a1ac7180813d845,,False,missing_1,,False,missing_1,True,2,False,2,False
CASE_116,C4,UNIT_025,B3,3,explicit-link,seed,Doubao/Seed,ok,0,0,9,0,sufficient,1,none,0,0.8,657,feb201a3bc4fb54b8ce49d19c6645e204b60f31b7f3e810e865656f79f110267,-8.74609375,True,,-30.0,True,,False,3,True,2,False
CASE_116,C4,UNIT_025,B4,4,corroborated-link,seed,Doubao/Seed,ok,0,0,9,0,sufficient,1,explicit,1,0.9,665,da9d851c19389676fd7ea72302051242c1ef9af6d14a5f4e4d08b21c9e0c6f9e,-9.0,True,,-28.499796867370605,True,,False,3,True,3,True
CASE_116,E2,UNIT_026,B0,0,no-link,seed,Doubao/Seed,ok,9,0,9,0,insufficient,0,weak,0,0.9,637,f2f1b37f03c3837e875cfaac87549aeda6536f692b284f616ce884b287b45c82,,False,upper_bound_selected_9_missing_1,,False,upper_bound_selected_9_missing_1,True,2,False,2,False
CASE_116,E2,UNIT_026,B1,1,placebo,seed,Doubao/Seed,ok,9,0,9,0,sufficient,1,none,0,0.9,678,19b230835dbb1c38064a2c0e54f15770317a2ed68a8ba3d49edf6902e23e1fbe,,False,upper_bound_selected_9_missing_1,,False,upper_bound_selected_9_missing_1,True,2,False,2,False
CASE_116,E2,UNIT_026,B2,2,weak-link,seed,Doubao/Seed,ok,9,0,9,0,insufficient,0,weak,0,0.6,693,6e58e1e922a1d89f16df4193fb88a05954bd9e0614f7af323798387c5a62d9f9,-49.5,True,,,False,upper_bound_selected_9_missing_1,True,3,True,2,False
CASE_116,E2,UNIT_026,B3,3,explicit-link,seed,Doubao/Seed,ok,1,1,1,1,sufficient,1,corroborated,1,1.0,661,b7b68f32a1498065199487b104f8d89a7a4023bfab6fbba10aa22bfc69af9a14,,False,lower_bound_selected_1_missing_9,,False,lower_bound_selected_1_missing_9,True,1,False,1,False
CASE_116,E2,UNIT_026,B4,4,corroborated-link,seed,Doubao/Seed,ok,1,1,1,1,sufficient,1,corroborated,1,1.0,706,6b42a84cc177d566785b99bfdf23beebd69e601bdce50ea0dea91747ad83d68c,,False,lower_bound_selected_1_missing_9,,False,lower_bound_selected_1_missing_9,True,1,False,1,False
CASE_116,F1,UNIT_027,B0,0,no-link,seed,Doubao/Seed,ok,9,0,9,0,insufficient,0,none,0,0.9,639,8006ad45e2dd04e0b2a29977aa418595aa66afa874b556ba31d7c45e7d2e8efd,,False,upper_bound_selected_9_missing_1,-44.0,True,,True,2,False,3,True
CASE_116,F1,UNIT_027,B1,1,placebo,seed,Doubao/Seed,ok,9,0,9,0,insufficient,0,none,0,0.9,676,f30f67600980837cdae0d621b56fbcbb5335c949c3a10d44de6254db301b1b72,,False,upper_bound_selected_9_missing_1,-51.5,True,,True,2,False,3,True
CASE_116,F1,UNIT_027,B2,2,weak-link,seed,Doubao/Seed,ok,9,0,9,0,insufficient,0,none,0,0.0,641,69b9249fb31806e2d29e97e384eb15f13bf655dd63eb88b7bd5ac9d30f250eaa,-18.99999213218689,True,,-17.999664306640625,True,,True,3,True,3,True
CASE_116,F1,UNIT_027,B3,3,explicit-link,seed,Doubao/Seed,ok,1,1,1,1,sufficient,1,explicit,1,0.95,665,f8cbede2f90b7260c5384717b79b1d3a37252a5eb379f88fe59ef934a37136b6,,False,lower_bound_selected_1_missing_9,,False,lower_bound_selected_1_missing_9,True,1,False,1,False
CASE_116,F1,UNIT_027,B4,4,corroborated-link,seed,Doubao/Seed,ok,1,1,1,1,sufficient,1,corroborated,1,1.0,679,d376121cec70e1efb3b7420bff954892a7c4432d7069394049fa60f94e9aa8ed,,False,lower_bound_selected_1_missing_9,,False,lower_bound_selected_1_missing_9,True,1,False,1,False
CASE_127,A4,UNIT_028,B0,0,no-link,seed,Doubao/Seed,ok,9,0,9,0,insufficient,0,none,0,0.9,632,88f82e2f28dff143460e0b07e5c865a87f500c85c5ab7efece70ecc4dcbd0322,,False,upper_bound_selected_9_missing_1,,False,upper_bound_selected_9_missing_1,True,1,False,1,False
CASE_127,A4,UNIT_028,B1,1,placebo,seed,Doubao/Seed,ok,9,0,9,0,sufficient,1,none,0,0.9,669,faa67947e7705a5d59d1ab9508438514ff123bf08a4229074193198f5391a443,,False,upper_bound_selected_9_missing_1,,False,upper_bound_selected_9_missing_1,True,1,False,1,False
CASE_127,A4,UNIT_028,B2,2,weak-link,seed,Doubao/Seed,ok,9,0,9,0,insufficient,0,weak,0,0.6,651,636ff38e84adf7d294a48e75850b53eec5b20de5e9be664fd66242073595e1f7,-44.0,True,,-47.25,True,,True,3,True,3,True
CASE_127,A4,UNIT_028,B3,3,explicit-link,seed,Doubao/Seed,ok,1,1,1,1,sufficient,1,corroborated,1,1.0,646,0bfdc911f8962f1edfbc478228fe66cf0acc9a40354cf46168ae69dc94957195,,False,lower_bound_selected_1_missing_9,,False,lower_bound_selected_1_missing_9,True,1,False,1,False
CASE_127,A4,UNIT_028,B4,4,corroborated-link,seed,Doubao/Seed,ok,1,1,1,1,sufficient,1,corroborated,1,1.0,668,a232776b660b38704186f0b2cab1e03d20442144687dbdd0dcbba182c87b3240,,False,lower_bound_selected_1_missing_9,,False,lower_bound_selected_1_missing_9,True,1,False,1,False
CASE_159,A1,UNIT_032,B0,0,no-link,seed,Doubao/Seed,ok,9,0,9,0,insufficient,0,none,0,1.0,636,2bd047c1821453b0df7fa5162dd09293d30d22ef8636782ab57d393a345f243e,,False,upper_bound_selected_9_missing_1,,False,upper_bound_selected_9_missing_1,True,1,False,1,False
CASE_159,A1,UNIT_032,B1,1,placebo,seed,Doubao/Seed,ok,9,0,9,0,insufficient,0,none,0,0.9,673,be5f957a899d256bd3826159c740c23f8ca8f4e9daef165a264d9fd810a68dc0,,False,upper_bound_selected_9_missing_1,,False,upper_bound_selected_9_missing_1,True,1,False,1,False
CASE_159,A1,UNIT_032,B2,2,weak-link,seed,Doubao/Seed,ok,9,0,9,0,insufficient,0,none,0,0.9,640,10b22d5ffd74837acfbea2f8895ca511cf7d6b0836a0cea22f4359b1fcc3ded0,,False,upper_bound_selected_9_missing_1,,False,upper_bound_selected_9_missing_1,True,1,False,1,False
CASE_159,A1,UNIT_032,B3,3,explicit-link,seed,Doubao/Seed,ok,1,1,1,1,sufficient,1,explicit,1,1.0,664,d33c79ed672e08568922fa3e43578e58bdc3e76012b302c1ce084108cf52ec09,53.0,True,,,False,lower_bound_selected_1_missing_9,True,3,True,1,False
CASE_159,A1,UNIT_032,B4,4,corroborated-link,seed,Doubao/Seed,ok,1,1,1,1,sufficient,1,corroborated,1,0.95,660,7fbd9049b22e1810c76c2347abd5321323a9bffac4402dcb334943bd33bcfd97,,False,lower_bound_selected_1_missing_9,,False,lower_bound_selected_1_missing_9,True,1,False,1,False
CASE_159,A2,UNIT_033,B0,0,no-link,seed,Doubao/Seed,ok,9,0,9,0,sufficient,1,none,0,0.9,651,f4dbe605d70ed798ef08c486c0e05117d1cf0099bbba34eee45e75e90e9b6731,,False,upper_bound_selected_9_missing_1,,False,upper_bound_selected_9_missing_1,True,1,False,1,False
CASE_159,A2,UNIT_033,B1,1,placebo,seed,Doubao/Seed,ok,9,0,9,0,insufficient,0,none,0,0.9,692,a32fcc042ff8347cbe61e44a9a2a28390fccce9a9875205332bb5cad733ea067,,False,upper_bound_selected_9_missing_1,,False,upper_bound_selected_9_missing_1,True,1,False,1,False
CASE_159,A2,UNIT_033,B2,2,weak-link,seed,Doubao/Seed,ok,9,0,9,0,insufficient,0,none,0,0.9,700,d3973cc547be9c56380e4b3453fe800fc81b7e3382b669d640a0c7bfd3d3fc63,,False,upper_bound_selected_9_missing_1,,False,upper_bound_selected_9_missing_1,True,1,False,1,False
CASE_159,A2,UNIT_033,B3,3,explicit-link,seed,Doubao/Seed,ok,1,1,0,0,sufficient,1,explicit,1,1.0,669,1efe1f9b0b0cf8f6ee66f2caaa3e8ea56e1a5e9fd967505b0598d5f54a443f79,17.68798828125,True,,5.375,True,,False,3,True,3,True
CASE_159,A2,UNIT_033,B4,4,corroborated-link,seed,Doubao/Seed,ok,0,0,0,0,sufficient,1,corroborated,1,0.95,708,33d12e209dfd3965325d4a0e067419c0f6915c92ddb116671851470f9041588a,21.6875,True,,22.25,True,,True,3,True,3,True
CASE_159,A4,UNIT_034,B0,0,no-link,seed,Doubao/Seed,ok,9,0,9,0,insufficient,0,weak,0,0.6,652,0451949c78e67c4008383276a38a659132a013ffb6b6591ec5d35c7768f15a2d,-4.74139404296875,True,,,False,upper_bound_selected_9_missing_1,True,3,True,2,False
CASE_159,A4,UNIT_034,B1,1,placebo,seed,Doubao/Seed,ok,9,0,9,0,insufficient,0,weak,0,0.6,689,62de22c25e3dc8626b70d0d00c8e185b90ac865a20a3cb12ff12176f8219666a,-3.50146484375,True,,-2.24365234375,True,,True,3,True,3,True
CASE_159,A4,UNIT_034,B2,2,weak-link,seed,Doubao/Seed,ok,1,1,1,1,sufficient,1,explicit,1,0.9,665,d04644b1ead7cc36bf7b3f79dca89dc4e892836d523678f3e4dd934238f47190,11.999993801116943,True,,7.749568939208984,True,,True,3,True,3,True
CASE_159,A4,UNIT_034,B3,3,explicit-link,seed,Doubao/Seed,ok,1,1,1,1,sufficient,1,explicit,1,1.0,659,fcb6c9dd1e3934868bd47ee46c3ddad4ece984052e861f8f0570300c4f5de3d1,,False,lower_bound_selected_1_missing_9,,False,lower_bound_selected_1_missing_9,True,1,False,1,False
CASE_159,A4,UNIT_034,B4,4,corroborated-link,seed,Doubao/Seed,ok,1,1,1,1,sufficient,1,corroborated,1,1.0,696,4cb2615e91f7eaf2bc9329550d06781e894a316feab4f8caf1698ccddf921ea8,,False,lower_bound_selected_1_missing_9,,False,lower_bound_selected_1_missing_9,True,1,False,1,False
CASE_179,A1,UNIT_035,B0,0,no-link,seed,Doubao/Seed,ok,9,0,9,0,insufficient,0,none,0,1.0,628,5fd7e1bc8de55edc21eb20071e64cf05b8f64fea7c4508788cf5533bb26b7060,,False,upper_bound_selected_9_missing_1,,False,upper_bound_selected_9_missing_1,True,1,False,1,False
CASE_179,A1,UNIT_035,B1,1,placebo,seed,Doubao/Seed,ok,9,0,9,0,insufficient,0,none,0,1.0,665,d584157f1d617d97463aaf319512352f71c8c91ecad539c91dbd7d0dbad0008e,,False,upper_bound_selected_9_missing_1,,False,upper_bound_selected_9_missing_1,True,1,False,1,False
CASE_179,A1,UNIT_035,B2,2,weak-link,seed,Doubao/Seed,ok,9,0,9,0,insufficient,0,none,0,0.6,699,6d6948be7cd95e6eb9b08ab465ae6f83f1a9cfd8390d0ba1020db04eeedc1759,,False,upper_bound_selected_9_missing_1,,False,upper_bound_selected_9_missing_1,True,1,False,1,False
CASE_179,A1,UNIT_035,B3,3,explicit-link,seed,Doubao/Seed,ok,1,1,1,1,sufficient,1,explicit,1,0.9,651,593935239ebb857194082fb51cebb71c8ae8184f419d07a03ac28b9702bda686,9.249904155731201,True,,6.999088287353516,True,,True,3,True,3,True
CASE_179,A1,UNIT_035,B4,4,corroborated-link,seed,Doubao/Seed,ok,1,1,1,1,sufficient,1,corroborated,1,0.95,693,0bece4a42339eaffd74cb9e7c52a23cf172e3a268d17163d04eaf24ddeb1d9a4,25.875,True,,22.625,True,,True,3,True,3,True
CASE_179,A2,UNIT_036,B0,0,no-link,seed,Doubao/Seed,ok,9,0,9,0,insufficient,0,none,0,0.9,653,3ad91d96f08d59f24db5f6c0c0e815cf129c3661bafd286bea8a8b10d021f4ae,,False,upper_bound_selected_9_missing_1,,False,upper_bound_selected_9_missing_1,True,2,False,1,False
CASE_179,A2,UNIT_036,B1,1,placebo,seed,Doubao/Seed,ok,9,0,9,0,insufficient,0,none,0,0.9,694,e746b8f6b647065bc3675e34ed21696eee0f3a166b75b7e883aae9ffe3a4cae2,,False,upper_bound_selected_9_missing_1,,False,upper_bound_selected_9_missing_1,True,1,False,1,False
CASE_179,A2,UNIT_036,B2,2,weak-link,seed,Doubao/Seed,ok,9,0,9,0,insufficient,0,none,0,0.9,702,5c007e695ad47cdc9571157d84c8647b53cab9efe6c5d694334a5cda223a8201,,False,upper_bound_selected_9_missing_1,,False,upper_bound_selected_9_missing_1,True,2,False,1,False
CASE_179,A2,UNIT_036,B3,3,explicit-link,seed,Doubao/Seed,ok,1,1,1,1,sufficient,1,explicit,1,1.0,669,e4ac5b7f6a26514dec6dc30ee290eb2984ea93983b8485a864e8fb0d0d574dd4,,False,lower_bound_selected_1_missing_9,,False,lower_bound_selected_1_missing_9,True,1,False,1,False
CASE_179,A2,UNIT_036,B4,4,corroborated-link,seed,Doubao/Seed,ok,1,1,1,1,sufficient,1,corroborated,1,1.0,708,bbea433635627e0c0763e515252361b1608fa6e27b6f37028c1261f8a1badad4,,False,lower_bound_selected_1_missing_9,,False,lower_bound_selected_1_missing_9,True,1,False,1,False
CASE_179,E1,UNIT_037,B0,0,no-link,seed,Doubao/Seed,ok,9,0,9,0,insufficient,0,weak,0,0.9,654,7d4b0e5537b64919aadd79414efa78edcead3ff180caab26922fc11f5251b5b7,-41.75,True,,-50.5,True,,True,3,True,3,True
CASE_179,E1,UNIT_037,B1,1,placebo,seed,Doubao/Seed,ok,9,0,9,0,sufficient,1,weak,0,0.9,695,80e61b8ad88596dd49308cb1fe084d8f2dcfde03a5f92b00bc203c57a3dd594b,-38.49998700618744,True,,,False,upper_bound_selected_9_missing_1,True,3,True,2,False
CASE_179,E1,UNIT_037,B2,2,weak-link,seed,Doubao/Seed,ok,9,0,9,0,insufficient,0,weak,0,0.6,705,46d34482ca9f12cb77633263f0f54e387f7b4556085119df85659c8da11f849d,-36.5,True,,-44.25,True,,True,3,True,3,True
CASE_179,E1,UNIT_037,B3,3,explicit-link,seed,Doubao/Seed,ok,1,1,1,1,sufficient,1,corroborated,1,1.0,657,5987bd4520cdd86fcd967e1f3a5b85e978d1e7e7af0e0d07c2d94a2b3235ea21,,False,lower_bound_selected_1_missing_9,,False,lower_bound_selected_1_missing_9,True,1,False,1,False
CASE_179,E1,UNIT_037,B4,4,corroborated-link,seed,Doubao/Seed,ok,1,1,1,1,sufficient,1,corroborated,1,1.0,700,af30adaf04138aaf6bb9759000c6ddcc61947db50614aad98efc705f9673e8e5,,False,lower_bound_selected_1_missing_9,,False,lower_bound_selected_1_missing_9,True,1,False,1,False
CASE_195,A1,UNIT_039,B0,0,no-link,seed,Doubao/Seed,ok,9,0,9,0,insufficient,0,none,0,1.0,613,753a83fea1b74643147e9bc8fb9914e661f5847a583581337704c546fc56ab21,,False,upper_bound_selected_9_missing_1,,False,upper_bound_selected_9_missing_1,True,1,False,1,False
CASE_195,A1,UNIT_039,B1,1,placebo,seed,Doubao/Seed,ok,9,0,9,0,insufficient,0,none,0,1.0,650,debe31c8f81ff6a7cbcb585b7c5c3f0c0c61b496053753a110c0ee6132c0afbe,,False,upper_bound_selected_9_missing_1,,False,upper_bound_selected_9_missing_1,True,1,False,1,False
CASE_195,A1,UNIT_039,B2,2,weak-link,seed,Doubao/Seed,ok,9,0,9,0,insufficient,0,weak,0,0.6,645,cc5a97af904c6f4a2c65cbe4e7217df0cbd6205f1f2c6aa3c3500fcf27a15474,,False,upper_bound_selected_9_missing_1,,False,upper_bound_selected_9_missing_1,True,1,False,1,False
CASE_195,A1,UNIT_039,B3,3,explicit-link,seed,Doubao/Seed,ok,1,1,1,1,sufficient,1,explicit,1,0.9,659,3f8ea9835f94e7d4cfc0b85f3feb7b2a953b1035edf917cb1a0b425eeed70cfc,17.125,True,,3.50146484375,True,,True,3,True,3,True
CASE_195,A1,UNIT_039,B4,4,corroborated-link,seed,Doubao/Seed,ok,1,1,1,1,sufficient,1,corroborated,1,1.0,668,c7b81e6dc5f4082f6b31f57b85f279847d9fb61e7ea219905040328f2711d111,29.0,True,,34.0,True,,True,3,True,3,True
CASE_195,A4,UNIT_040,B0,0,no-link,seed,Doubao/Seed,ok,9,0,9,0,insufficient,0,none,0,0.9,633,935ca2e583f01f23bced7df4108b145f8b1ed67b8355b89c70459f9c3ab17c8a,,False,upper_bound_selected_9_missing_1,,False,upper_bound_selected_9_missing_1,True,2,False,2,False
CASE_195,A4,UNIT_040,B1,1,placebo,seed,Doubao/Seed,ok,9,0,9,0,insufficient,0,none,0,0.9,670,193c61ccaf988c2fa397d2fc88489beaa119dc83b6af046b48d4a77cede8b562,,False,upper_bound_selected_9_missing_1,,False,upper_bound_selected_9_missing_1,True,2,False,2,False
CASE_195,A4,UNIT_040,B2,2,weak-link,seed,Doubao/Seed,ok,9,0,9,0,insufficient,0,none,0,0.0,653,2ef3ea7c386ead574e8ef3f0d954e07074cf158bc1bc3d7d239fe70c69bfe0af,,False,upper_bound_selected_9_missing_1,,False,upper_bound_selected_9_missing_1,True,2,False,1,False
CASE_195,A4,UNIT_040,B3,3,explicit-link,seed,Doubao/Seed,ok,1,1,1,1,sufficient,1,corroborated,1,1.0,664,34cb0217018ff06e784f210717efde304481dd6c21d2329819b48e803d3a7f5e,,False,lower_bound_selected_1_missing_9,,False,lower_bound_selected_1_missing_9,True,1,False,1,False
CASE_195,A4,UNIT_040,B4,4,corroborated-link,seed,Doubao/Seed,ok,1,1,1,1,sufficient,1,corroborated,1,1.0,674,f41a7c3a17932f04c42d1be5c7aa2aa446b5c5cbeae54bedadd47c38b393bb07,,False,lower_bound_selected_1_missing_9,,False,lower_bound_selected_1_missing_9,True,1,False,1,False
CASE_015,A1,UNIT_001,B0,0,no-link,qwen_llamacpp,Qwen3-4B,ok,9,0,9,0,insufficient,0,none,0,0.0,588,7a0b04ffed0f597e4e5bac6c3e32546e49b6e58f193e3d117d80e19e483b5738,-17.46781897544858,True,,-8.39537004052545,True,,True,3,True,3,True
CASE_015,A1,UNIT_001,B1,1,placebo,qwen_llamacpp,Qwen3-4B,ok,9,0,9,0,insufficient,0,none,0,0.0,625,7b32106fe6b0d031d4889d5c022197b710360fc4f45d3a196fc3f646ca351703,-19.232894539833012,True,,-9.528701421877486,True,,True,3,True,3,True
CASE_015,A1,UNIT_001,B2,2,weak-link,qwen_llamacpp,Qwen3-4B,ok,1,1,1,1,sufficient,1,corroborated,1,0.95,647,63dcf363b79d2de2b221797719ff6816516c798971007cfbd2546d8b024d173e,19.104137420654297,True,,26.173912048339844,True,,True,3,True,3,True
CASE_015,A1,UNIT_001,B3,3,explicit-link,qwen_llamacpp,Qwen3-4B,ok,1,1,1,1,sufficient,1,corroborated,1,0.95,691,9f2efe4c933dbb95b6a7ae2fcdc411830a9249c7fa55c127fdca7f56764c6f7b,31.14093017578125,True,,33.84196472167969,True,,True,3,True,3,True
CASE_015,A1,UNIT_001,B4,4,corroborated-link,qwen_llamacpp,Qwen3-4B,ok,1,1,1,1,sufficient,1,corroborated,1,0.95,744,cf7fbd25ff4e1ce54cca35a68b93898de5caf61347b75504b3baa0a50bab0f00,30.767906188964844,True,,34.12810516357422,True,,True,3,True,3,True
CASE_015,A2,UNIT_002,B0,0,no-link,qwen_llamacpp,Qwen3-4B,ok,1,1,1,1,sufficient,1,explicit,1,0.95,641,23653b009f73c16095ece310d2076032e4e16f3e6fd8765101cb6c8843f2afda,30.79547882080078,True,,40.53251266479492,True,,True,3,True,3,True
CASE_015,A2,UNIT_002,B1,1,placebo,qwen_llamacpp,Qwen3-4B,ok,1,1,1,1,sufficient,1,corroborated,1,0.95,682,3b835db3abe2c105de3ee623f79d50149f06646685d4b0a33f8d4ec9b4403eab,30.932086944580078,True,,39.875736236572266,True,,True,3,True,3,True
CASE_015,A2,UNIT_002,B2,2,weak-link,qwen_llamacpp,Qwen3-4B,ok,1,1,1,1,sufficient,1,corroborated,1,0.95,690,a5b859d7c857719dc4752e99db1ad6fc9a3b30765a30ded73ca502f43db10028,20.32998275756836,True,,35.19366455078125,True,,True,3,True,3,True
CASE_015,A2,UNIT_002,B3,3,explicit-link,qwen_llamacpp,Qwen3-4B,ok,1,1,1,1,sufficient,1,explicit,1,0.95,643,09d819f861e59d1bfc09cc6c5fa8471e223c6497e352786ca97d94cedb3b4947,34.24901580810547,True,,40.73635482788086,True,,True,3,True,3,True
CASE_015,A2,UNIT_002,B4,4,corroborated-link,qwen_llamacpp,Qwen3-4B,ok,1,1,1,1,sufficient,1,corroborated,1,0.95,682,c57289f83930f881dcec450bbf999b36f50e766bf8185a5768f288e55c9238ed,35.112335205078125,True,,40.93221664428711,True,,True,3,True,3,True
CASE_015,A4,UNIT_003,B0,0,no-link,qwen_llamacpp,Qwen3-4B,ok,1,1,1,1,sufficient,1,explicit,1,0.95,633,0fd3b62e484aa7182f81fa1fca5866391c9d5a35e90f49a267c61bb0821053fc,28.460460662841797,True,,34.093624114990234,True,,True,3,True,3,True
CASE_015,A4,UNIT_003,B1,1,placebo,qwen_llamacpp,Qwen3-4B,ok,1,1,1,1,sufficient,1,corroborated,1,0.95,670,b104d516b69660ace59f62c6e529fa9d542ed6e9f76fdd953768562d5a6d11b1,25.147438049316406,True,,32.52199172973633,True,,True,3,True,3,True
CASE_015,A4,UNIT_003,B2,2,weak-link,qwen_llamacpp,Qwen3-4B,ok,1,1,1,1,sufficient,1,explicit,1,0.95,631,6b432f870ef8232e02d8c7fb59347f17fdb463d82ebbd27d32e8f404026911b9,32.55249786376953,True,,34.578102111816406,True,,True,3,True,3,True
CASE_015,A4,UNIT_003,B3,3,explicit-link,qwen_llamacpp,Qwen3-4B,ok,1,1,1,1,sufficient,1,corroborated,1,0.95,649,00a45b014864213c44ee499230994968c36d4c480fd3fe526840d906469d8fda,36.025943756103516,True,,39.6630859375,True,,True,3,True,3,True
CASE_015,A4,UNIT_003,B4,4,corroborated-link,qwen_llamacpp,Qwen3-4B,ok,1,1,1,1,sufficient,1,corroborated,1,0.95,655,aed9c19511e150df67498f25f2cda2834a369b0a4e0a313c339ad512ed11c31a,36.71280288696289,True,,40.550880432128906,True,,True,3,True,3,True
CASE_015,D2,UNIT_004,B0,0,no-link,qwen_llamacpp,Qwen3-4B,ok,9,0,0,0,insufficient,0,none,0,0.0,615,a66fa5063ca6847db7e797adbfa29fd26d24201274748b14487620075e9dc485,-21.599216297268867,True,,-14.54276704788208,True,,False,3,True,3,True
CASE_015,D2,UNIT_004,B1,1,placebo,qwen_llamacpp,Qwen3-4B,ok,9,0,0,0,insufficient,0,none,0,0.0,656,cf9f11138b6c86191538f43b620fe3a9ca7104ac730b7c39fb173b35d8dd7c0b,-23.88973996974528,True,,-14.854576110839844,True,,False,3,True,3,True
CASE_015,D2,UNIT_004,B2,2,weak-link,qwen_llamacpp,Qwen3-4B,ok,9,0,9,0,insufficient,0,none,0,0.0,667,9682dde7f945dc555d3a5559115180855306f8a871c7150cb78df8eb97469387,-29.845394134521484,True,,-20.753250122070312,True,,True,3,True,3,True
CASE_015,D2,UNIT_004,B3,3,explicit-link,qwen_llamacpp,Qwen3-4B,ok,0,0,0,0,sufficient,1,none,0,0.0,617,389c4471846b5e2a55ccc60fe2f05110d8da63694b95643bdc317bdf662fd158,-19.850306570529938,True,,-2.0142126083374023,True,,True,3,True,3,True
CASE_015,D2,UNIT_004,B4,4,corroborated-link,qwen_llamacpp,Qwen3-4B,ok,9,0,1,1,insufficient,0,none,0,0.0,658,877e60a68d845008bf80f755994ed468d5a979f701c9371ef51a8b2e8749613d,-11.735053852200508,True,,23.82746520265937,True,,False,3,True,3,True
CASE_015,E1,UNIT_005,B0,0,no-link,qwen_llamacpp,Qwen3-4B,ok,1,1,1,1,sufficient,1,corroborated,1,0.95,630,927bd25afedc8bf38d40e061bfca035d486431da81f1d89e26f188d4d771788c,17.550777435302734,True,,33.62215805053711,True,,True,3,True,3,True
CASE_015,E1,UNIT_005,B1,1,placebo,qwen_llamacpp,Qwen3-4B,ok,1,1,1,1,sufficient,1,corroborated,1,0.95,671,ec8d73617e4513d6e1cc22cdfc07758f7e303144a1f5e3d02730a5dbad51eff7,17.580646514892578,True,,32.296180725097656,True,,True,3,True,3,True
CASE_015,E1,UNIT_005,B2,2,weak-link,qwen_llamacpp,Qwen3-4B,ok,1,1,1,1,sufficient,1,corroborated,1,0.95,681,d1886a1544a1aecdaa8e95a4054a043114afe76a36095f552b1497f3b20f748e,5.003883508499712,True,,30.15359115600586,True,,True,3,True,3,True
CASE_015,E1,UNIT_005,B3,3,explicit-link,qwen_llamacpp,Qwen3-4B,ok,1,1,1,1,sufficient,1,corroborated,1,0.95,627,8afc2759b458e11235b26041517bc8210f8684b574a1c68826b7e893f321c711,33.609130859375,True,,38.91553497314453,True,,True,3,True,3,True
CASE_015,E1,UNIT_005,B4,4,corroborated-link,qwen_llamacpp,Qwen3-4B,ok,1,1,1,1,sufficient,1,corroborated,1,0.95,670,4e3bd8cf14d2b52ce187d7fcd49c5196a9a9f719f7eaaa046b0d095631cc8ac9,35.77811050415039,True,,39.38506317138672,True,,True,3,True,3,True
CASE_018,A2,UNIT_006,B0,0,no-link,qwen_llamacpp,Qwen3-4B,ok,1,1,1,1,sufficient,1,corroborated,1,1.0,650,7802274ff83f74497fc1828b2be5cd60d28810b02fb31e5d409f8b13af28357a,33.314815521240234,True,,34.79491574806161,True,,True,3,True,3,True
CASE_018,A2,UNIT_006,B1,1,placebo,qwen_llamacpp,Qwen3-4B,ok,1,1,1,1,sufficient,1,corroborated,1,0.95,691,6b9175d4b7a54e05f19ed5fb76007ef5d4bd352a4cc0183e96a6944c1e296380,33.84886169433594,True,,34.241925238722615,True,,True,3,True,3,True
CASE_018,A2,UNIT_006,B2,2,weak-link,qwen_llamacpp,Qwen3-4B,ok,0,0,0,0,sufficient,1,explicit,1,0.9,699,f17077ccadf9421c1aa4c8b74bfc23123fbcd6288a92199d51c1af6cf2692bfd,6.557090759277344,True,,8.919723510742188,True,,True,3,True,3,True
CASE_018,A2,UNIT_006,B3,3,explicit-link,qwen_llamacpp,Qwen3-4B,ok,1,1,1,1,sufficient,1,explicit,1,0.95,679,57ee67f219753b9cadfc99090236e4fc835d4354ac8610429d632d906f451800,26.342918395996094,True,,34.036703586577346,True,,True,3,True,3,True
CASE_018,A2,UNIT_006,B4,4,corroborated-link,qwen_llamacpp,Qwen3-4B,ok,1,1,1,1,sufficient,1,corroborated,1,0.95,718,ef0bcbd3e12d105c40f5145fedffb31d5bbf9ee093add8c63a0e63947c70c47d,31.82879638671875,True,,37.70899963378906,True,,True,3,True,3,True
CASE_018,A4,UNIT_007,B0,0,no-link,qwen_llamacpp,Qwen3-4B,ok,9,0,0,0,insufficient,0,none,0,0.0,649,883809b30a55c0f9b5130dc88d84a5894077e0735e40ed29cdb007825063737d,-21.187984809279442,True,,-14.073678016662598,True,,False,3,True,3,True
CASE_018,A4,UNIT_007,B1,1,placebo,qwen_llamacpp,Qwen3-4B,ok,9,0,0,0,insufficient,0,none,0,0.0,686,f11eae1a1c61e6d527a7b54fc8e01ab1d72a5028dc3e95e9f70263d73a6527b8,-22.197730251122266,True,,-15.841869354248047,True,,False,3,True,3,True
CASE_018,A4,UNIT_007,B2,2,weak-link,qwen_llamacpp,Qwen3-4B,ok,9,0,0,0,insufficient,0,none,0,0.0,664,6ab89167cf295b115d02928e9804e1a1eda30576f720fbc8d366d140a89595f3,-21.42936772853136,True,,-16.235863208770752,True,,False,3,True,3,True
CASE_018,A4,UNIT_007,B3,3,explicit-link,qwen_llamacpp,Qwen3-4B,ok,1,1,1,1,sufficient,1,corroborated,1,0.95,663,b5032ebd1acdacf94a914ab4821fb9f304cf266a52add03c13ff41a12b4b1cf7,35.66261672973633,True,,39.92068099975586,True,,True,3,True,3,True
CASE_018,A4,UNIT_007,B4,4,corroborated-link,qwen_llamacpp,Qwen3-4B,ok,1,1,1,1,sufficient,1,corroborated,1,0.95,674,c5f0d50a1106d6c14dd8504b25820b9f293a8a7c1c980cf47d9bb935f9f36061,36.19449234008789,True,,35.43634021282196,True,,True,3,True,3,True
CASE_018,E1,UNIT_008,B0,0,no-link,qwen_llamacpp,Qwen3-4B,ok,1,1,1,1,sufficient,1,corroborated,1,0.95,662,448a5e2c2e1595e9016f975a2963adcfae2b52be1f1770125052abe90cdf07d4,1.4156417697668076,True,,10.249935444444418,True,,True,3,True,3,True
CASE_018,E1,UNIT_008,B1,1,placebo,qwen_llamacpp,Qwen3-4B,ok,1,1,0,0,sufficient,1,corroborated,1,0.95,703,36b400c32af607b8116787dbbfcce341362f4fdf44cc6e930961fbe9b414f364,0.3440589904785156,True,,-2.83270263671875,True,,False,3,True,3,True
CASE_018,E1,UNIT_008,B2,2,weak-link,qwen_llamacpp,Qwen3-4B,ok,9,0,9,0,insufficient,0,none,0,0.0,713,c70baf3b0fc2cf8a4480ba640b43cad7244ed8041da0d51aabef9d0612b96171,-20.87348175048828,True,,-5.664382878225297,True,,True,3,True,3,True
CASE_018,E1,UNIT_008,B3,3,explicit-link,qwen_llamacpp,Qwen3-4B,ok,1,1,1,1,sufficient,1,corroborated,1,0.95,658,7eb817c16f07f1550cfd54b4bfa48af608046a974a41c348065a59fa1d8031aa,33.74883270263672,True,,37.37615966796875,True,,True,3,True,3,True
CASE_018,E1,UNIT_008,B4,4,corroborated-link,qwen_llamacpp,Qwen3-4B,ok,1,1,1,1,sufficient,1,corroborated,1,1.0,701,42918b5180c69907b5c70e07df6f758641bafebf8ac3779db250a0673e3a59d2,36.8602294921875,True,,39.4638671875,True,,True,3,True,3,True
CASE_035,A1,UNIT_009,B0,0,no-link,qwen_llamacpp,Qwen3-4B,ok,9,0,9,0,insufficient,0,none,0,0.0,641,eef96dccf4b33ea2598ebfdadd7b3f6c3b141756c9af341083030ed4e0163001,-19.497036218615904,True,,-8.575259843244567,True,,True,3,True,3,True
CASE_035,A1,UNIT_009,B1,1,placebo,qwen_llamacpp,Qwen3-4B,ok,9,0,9,0,insufficient,0,none,0,0.0,678,78e9af9c62b52c8372cab27d9074adb8f56880188d99a5eaf03b24d618bc57ba,-8.675708611728624,True,,-5.097797445487231,True,,True,3,True,3,True
CASE_035,A1,UNIT_009,B2,2,weak-link,qwen_llamacpp,Qwen3-4B,ok,1,1,1,1,sufficient,1,corroborated,1,0.95,654,34ce47c62f79063da13b827127b347f38d607f479892d478ef17974b2fb3e1de,16.211105227470398,True,,18.678844451904297,True,,True,3,True,3,True
CASE_035,A1,UNIT_009,B3,3,explicit-link,qwen_llamacpp,Qwen3-4B,ok,1,1,1,1,sufficient,1,corroborated,1,0.95,668,b4dac7a5c7da81fe76788bbd4a9f4dab23f7bb5d19c82aa0333bddb9e18769eb,30.4429874420166,True,,29.52686309814453,True,,True,3,True,3,True
CASE_035,A1,UNIT_009,B4,4,corroborated-link,qwen_llamacpp,Qwen3-4B,ok,1,1,1,1,sufficient,1,corroborated,1,0.95,674,e005866a64f0f85ae9c392704a4cdcac8b090c6b23db5518635c11ec8cf462c8,29.92504119873047,True,,28.538856506347656,True,,True,3,True,3,True
CASE_035,E2,UNIT_010,B0,0,no-link,qwen_llamacpp,Qwen3-4B,ok,9,0,9,0,insufficient,0,none,0,0.0,632,45a88752db1434224f7d871b0acc8dc3486f5d260ffad908e834923ebe830b1e,-27.007621288299447,True,,-26.549846649169922,True,,True,3,True,3,True
CASE_035,E2,UNIT_010,B1,1,placebo,qwen_llamacpp,Qwen3-4B,ok,9,0,9,0,insufficient,0,none,0,0.0,673,c911d199e23bec275ab92e010bf8134602432c8f1eee710cee662131ac5c9842,-27.155875682830697,True,,-25.44322121143307,True,,True,3,True,3,True
CASE_035,E2,UNIT_010,B2,2,weak-link,qwen_llamacpp,Qwen3-4B,ok,9,0,9,0,insufficient,0,none,0,0.0,688,226967262edf43d0e37aa3482da0c3099e1608165eb248d36f87208e2ce4c621,-28.482421875,True,,-26.641815185546875,True,,True,3,True,3,True
CASE_035,E2,UNIT_010,B3,3,explicit-link,qwen_llamacpp,Qwen3-4B,ok,1,1,1,1,sufficient,1,explicit,1,0.95,659,abc110b83c6fbf27ef182b50bdb5390a9545d69f051cee0a36f43b8a77543dd1,34.204071044921875,True,,37.665340423583984,True,,True,3,True,3,True
CASE_035,E2,UNIT_010,B4,4,corroborated-link,qwen_llamacpp,Qwen3-4B,ok,1,1,1,1,sufficient,1,corroborated,1,0.95,704,8c5a7a5d9c7dd1c0ab5c4eabdb540750b3f18f88f672e1dc0a099b8ed766f667,34.95912170410156,True,,38.33329772949219,True,,True,3,True,3,True
CASE_081,A1,UNIT_016,B0,0,no-link,qwen_llamacpp,Qwen3-4B,ok,9,0,9,0,insufficient,0,none,0,0.0,629,a4654f10d94241603ab73bd4f182060b1b24a220c2cbb430049b3472d8738d19,-19.995667218532617,True,,-1.8260423243045807,True,,True,3,True,3,True
CASE_081,A1,UNIT_016,B1,1,placebo,qwen_llamacpp,Qwen3-4B,ok,9,0,0,0,insufficient,0,none,0,0.0,666,2bfe4007bfab3e90e5145e46f9b0db13f80e7d719363db2184581c11f4e34247,-22.05561834992841,True,,-12.4020916223526,True,,False,3,True,3,True
CASE_081,A1,UNIT_016,B2,2,weak-link,qwen_llamacpp,Qwen3-4B,ok,9,0,9,0,insufficient,0,none,0,0.0,649,f1d0bb61056959e5d0a2181c2576d3bc8114f281b19cd9c4c8f2e3acd9f339d7,-22.802307128316897,True,,-11.543662731826771,True,,True,3,True,3,True
CASE_081,A1,UNIT_016,B3,3,explicit-link,qwen_llamacpp,Qwen3-4B,ok,1,1,1,1,sufficient,1,corroborated,1,0.95,647,331817b2325f7064d68332c7af413eb1c93750fe7ca11fbec9c0565ed9ae2ee1,27.121341705322266,True,,26.740402221679688,True,,True,3,True,3,True
CASE_081,A1,UNIT_016,B4,4,corroborated-link,qwen_llamacpp,Qwen3-4B,ok,1,1,1,1,sufficient,1,corroborated,1,0.95,669,fe2c0443bbff968820e2bc155b1bf243f56ee7fdda8001c54a9671af80e04902,30.782180786132812,True,,31.534446716308594,True,,True,3,True,3,True
CASE_081,A2,UNIT_017,B0,0,no-link,qwen_llamacpp,Qwen3-4B,ok,9,0,1,1,insufficient,0,none,0,0.0,662,593f59de058ff6088a1fedaa97b4ad59369722d7e0e34f7d9a12e38072a7d35d,-7.48756007454358,True,,3.0684890896081924,True,,False,3,True,3,True
CASE_081,A2,UNIT_017,B1,1,placebo,qwen_llamacpp,Qwen3-4B,ok,9,0,1,1,insufficient,0,none,0,0.0,703,6a0a9e24ebcfe952e3b1bd65964b911537e45a93b6bc6ec29fd456f104769eb1,-4.732078582048416,True,,1.8445587754249573,True,,False,3,True,3,True
CASE_081,A2,UNIT_017,B2,2,weak-link,qwen_llamacpp,Qwen3-4B,ok,9,0,9,0,insufficient,0,none,0,0.0,711,011526f569ee07bf40076fadca44311828da92e1193c9a6104e684601f929ddc,-25.75438225268931,True,,-7.65102781355381,True,,True,3,True,3,True
CASE_081,A2,UNIT_017,B3,3,explicit-link,qwen_llamacpp,Qwen3-4B,ok,1,1,1,1,sufficient,1,explicit,1,0.95,678,86a111d11a73638406c0ff4b7221de3652e51a5afe0119bb721caba9c241451b,33.44000244140625,True,,38.31145477294922,True,,True,3,True,3,True
CASE_081,A2,UNIT_017,B4,4,corroborated-link,qwen_llamacpp,Qwen3-4B,ok,1,1,1,1,sufficient,1,corroborated,1,1.0,717,03c3acdd6568b730b40ea2665f2e73382e6497f31892ae8a386f29aa56dbd028,33.72793960571289,True,,39.76633071899414,True,,True,3,True,3,True
CASE_081,E2,UNIT_018,B0,0,no-link,qwen_llamacpp,Qwen3-4B,ok,9,0,9,0,insufficient,0,none,0,0.0,626,15657aa7c6b149ef3ea535be7e3700942193fc02eb8fb06a9892674ecbd18643,-25.42461454862405,True,,-26.278107166264817,True,,True,3,True,3,True
CASE_081,E2,UNIT_018,B1,1,placebo,qwen_llamacpp,Qwen3-4B,ok,9,0,9,0,insufficient,0,none,0,0.0,667,2b241fd52da5248822b483ee0e54019e5cf5f2ab873f67745aa5ecace7647384,-25.424620747404333,True,,-24.520722388726426,True,,True,3,True,3,True
CASE_081,E2,UNIT_018,B2,2,weak-link,qwen_llamacpp,Qwen3-4B,ok,9,0,9,0,insufficient,0,none,0,0.0,682,844290147ddddb01bc5e4e43e9755e749960d73a9db04247b37b90d78631ca98,-27.553050994873047,True,,-24.126037359237642,True,,True,3,True,3,True
CASE_081,E2,UNIT_018,B3,3,explicit-link,qwen_llamacpp,Qwen3-4B,ok,1,1,0,0,sufficient,1,explicit,1,0.95,643,7d73e72fcc0e4905186fd18598eec0cfdd9e5ee6482103d8b9c2e89c65e7c8b1,14.569499969481967,True,,1.0631637573242188,True,,False,3,True,3,True
CASE_081,E2,UNIT_018,B4,4,corroborated-link,qwen_llamacpp,Qwen3-4B,ok,1,1,1,1,sufficient,1,corroborated,1,0.95,688,ea2b0fecebdd6d91c5d6e7f02852fc9c6b37ec707a8eee50aff5b9b62515c7b5,25.89249038696289,True,,30.79006159305567,True,,True,3,True,3,True
CASE_081,F1,UNIT_019,B0,0,no-link,qwen_llamacpp,Qwen3-4B,ok,9,0,9,0,insufficient,0,none,0,0.0,642,dfc7243e7facb8a7419e49b6c4113a87061a142524b86d41fc194a0fc11273a2,-26.31029510498047,True,,-26.097991943359375,True,,True,3,True,3,True
CASE_081,F1,UNIT_019,B1,1,placebo,qwen_llamacpp,Qwen3-4B,ok,9,0,9,0,insufficient,0,none,0,0.0,679,591f93f9e69319a432f9d390561774a9223dc2896c42c94ab104f271672c0bfa,-26.839920043945312,True,,-25.645851135253906,True,,True,3,True,3,True
CASE_081,F1,UNIT_019,B2,2,weak-link,qwen_llamacpp,Qwen3-4B,ok,9,0,1,1,insufficient,0,none,0,0.0,641,736d8af5be1e4281729aebd27c6a9a2e306daebd73b8ac38b77dc932e69e53bf,-3.716652000322938,True,,16.13701605796811,True,,False,3,True,3,True
CASE_081,F1,UNIT_019,B3,3,explicit-link,qwen_llamacpp,Qwen3-4B,ok,1,1,1,1,sufficient,1,corroborated,1,0.95,662,ccf0c36e83f60b4d9463e06e08fe02f1af720d0cc7de3806f6333c93eb8b0684,29.811599731445312,True,,36.08222198486328,True,,True,3,True,3,True
CASE_081,F1,UNIT_019,B4,4,corroborated-link,qwen_llamacpp,Qwen3-4B,ok,1,1,1,1,sufficient,1,corroborated,1,0.95,670,9dfd12cad75e66b01cb043a9526cfdd7e83feae41a754ce8ae1540d9cf9e0522,29.77520751953125,True,,36.77737808227539,True,,True,3,True,3,True
CASE_110,A1,UNIT_021,B0,0,no-link,qwen_llamacpp,Qwen3-4B,ok,9,0,9,0,insufficient,0,none,0,0.0,616,0d74cbd7067ddbc540585bd0c9122e8c085444d5a2586c36adef895e2e47bbd3,-18.96179151162505,True,,-13.359039542236133,True,,True,3,True,3,True
CASE_110,A1,UNIT_021,B1,1,placebo,qwen_llamacpp,Qwen3-4B,ok,9,0,9,0,insufficient,0,none,0,0.0,653,52db15ec50349e412ab660ffbfb464fff9727651631d837eb9de1857327a8f94,-21.619166619639145,True,,-12.688652383163571,True,,True,3,True,3,True
CASE_110,A1,UNIT_021,B2,2,weak-link,qwen_llamacpp,Qwen3-4B,ok,9,0,1,1,insufficient,0,none,0,0.0,642,87899f98c9392c77f8bc609d5e595cff3cab38af20805ce809304d77ec67a4c3,-4.35556046385318,True,,4.857368658296764,True,,False,3,True,3,True
CASE_110,A1,UNIT_021,B3,3,explicit-link,qwen_llamacpp,Qwen3-4B,ok,1,1,1,1,sufficient,1,corroborated,1,0.95,653,69a375f185879135f66df2a1e6df2de05ef512ee9050e46688ad37a212dcbb71,32.4371337890625,True,,36.926963806152344,True,,True,3,True,3,True
CASE_110,A1,UNIT_021,B4,4,corroborated-link,qwen_llamacpp,Qwen3-4B,ok,1,1,1,1,sufficient,1,corroborated,1,0.95,658,f080278f8d0b18ca31fdafcc00a04b9dfdef5539c2610917751c06e2b90ea931,32.264854431152344,True,,37.15406799316406,True,,True,3,True,3,True
CASE_110,A3,UNIT_022,B0,0,no-link,qwen_llamacpp,Qwen3-4B,ok,9,0,0,0,insufficient,0,none,0,0.0,625,5bbb30b96a629447e2815f03bc2f48f12fc853be3ecf23b7df385db1fbe59604,-23.052822954021394,True,,-6.015220642089844,True,,False,3,True,3,True
CASE_110,A3,UNIT_022,B1,1,placebo,qwen_llamacpp,Qwen3-4B,ok,9,0,0,0,insufficient,0,none,0,0.0,666,d1e4b0c1ae86562bfb29395ff1971997d308ee3deab1c75a8a0e581496f731de,-20.094931840896606,True,,-11.28262710571289,True,,False,3,True,3,True
CASE_110,A3,UNIT_022,B2,2,weak-link,qwen_llamacpp,Qwen3-4B,ok,9,0,9,0,insufficient,0,none,0,0.0,674,e4ad62cfaf4d36f11a5a49eca67341af97d4ffdb55c4ee54d644b362c760ade8,-29.948593139648438,True,,-23.46855926513672,True,,True,3,True,3,True
CASE_110,A3,UNIT_022,B3,3,explicit-link,qwen_llamacpp,Qwen3-4B,ok,1,1,1,1,sufficient,1,explicit,1,0.95,635,a07bcddc45472d39bc18d722f5181a5b0dbe5aa7e6be11d898678c1c2f7c02ee,21.11056888103485,True,,30.839717745780945,True,,True,3,True,3,True
CASE_110,A3,UNIT_022,B4,4,corroborated-link,qwen_llamacpp,Qwen3-4B,ok,1,1,1,1,sufficient,1,corroborated,1,0.95,672,b37fdc5178846c66b8fec54e4bfa2e9ff4a389d80d10d54a31f050b288b4d9be,23.394248962402344,True,,34.82808303833008,True,,True,3,True,3,True
CASE_110,E1,UNIT_023,B0,0,no-link,qwen_llamacpp,Qwen3-4B,ok,1,1,1,1,sufficient,1,corroborated,1,0.95,612,bbf0f9f1c7f2c658f6c0acb72f853640623571d6ba77319af0a014bef2079e1a,-0.5724182426929474,True,,1.6741790473461151,True,,True,3,True,3,True
CASE_110,E1,UNIT_023,B1,1,placebo,qwen_llamacpp,Qwen3-4B,ok,1,1,9,0,sufficient,1,explicit,1,0.95,653,230ccb9e789202be703e1787fa3edefe52599bd44031a318883045c374708807,6.86104218813125,True,,-5.147773857228458,True,,False,3,True,3,True
CASE_110,E1,UNIT_023,B2,2,weak-link,qwen_llamacpp,Qwen3-4B,ok,9,0,9,0,insufficient,0,none,0,0.0,663,6e936728d2fafac28537647f9eeecb90aafd54c1d906023997f8ce771c7402ba,-15.79180133342743,True,,-4.566707491874695,True,,True,3,True,3,True
CASE_110,E1,UNIT_023,B3,3,explicit-link,qwen_llamacpp,Qwen3-4B,ok,1,1,1,1,sufficient,1,corroborated,1,0.95,643,45621b6c2483d5a91c62d07710b3da2a80bd2ecffb4163dc3a9fca82221b9709,35.59123992919922,True,,37.66606521606445,True,,True,3,True,3,True
CASE_110,E1,UNIT_023,B4,4,corroborated-link,qwen_llamacpp,Qwen3-4B,ok,1,1,1,1,sufficient,1,corroborated,1,1.0,686,956cc60418db91fcf5a32ffd6a1c20d6e70579e1777e9e491e02e6414deb4589,36.72615432739258,True,,38.96836853027344,True,,True,3,True,3,True
CASE_116,A1,UNIT_024,B0,0,no-link,qwen_llamacpp,Qwen3-4B,ok,9,0,9,0,insufficient,0,none,0,0.0,629,14c9786ebcc4ede05f296838ebf3bf0ec5bfd047da1bde7ea0f6d12fcbe12f00,-23.81864845752682,True,,-15.933296084403992,True,,True,3,True,3,True
CASE_116,A1,UNIT_024,B1,1,placebo,qwen_llamacpp,Qwen3-4B,ok,9,0,9,0,insufficient,0,none,0,0.0,666,ea56fda81e015d9ba388c3290ff72d908d4506f6333f65418913c488f3e502ac,-25.399859428405307,True,,-24.40033304691309,True,,True,3,True,3,True
CASE_116,A1,UNIT_024,B2,2,weak-link,qwen_llamacpp,Qwen3-4B,ok,1,1,1,1,sufficient,1,corroborated,1,0.95,660,96b1d8015110c79083fc9a69f4e9114653e881eb5c822b2d39ee72d634aabfd8,15.811363101005554,True,,1.9953499883413315,True,,True,3,True,3,True
CASE_116,A1,UNIT_024,B3,3,explicit-link,qwen_llamacpp,Qwen3-4B,ok,1,1,1,1,sufficient,1,corroborated,1,0.95,690,61e9180fe13261c97dc4f128bf560fe54b8ed00fe7ab639fe12a0b50e713c76a,30.244953155517578,True,,24.54052734375,True,,True,3,True,3,True
CASE_116,A1,UNIT_024,B4,4,corroborated-link,qwen_llamacpp,Qwen3-4B,ok,1,1,1,1,sufficient,1,corroborated,1,0.95,736,4c4bc4617d2fc621310797d369ed6c7478aab71968a2c0eb782278fdb2551256,29.761795043945312,True,,25.700393676757812,True,,True,3,True,3,True
CASE_116,C4,UNIT_025,B0,0,no-link,qwen_llamacpp,Qwen3-4B,ok,9,0,9,0,insufficient,0,none,0,0.0,640,6d8d5e550ada3d005f80a21efea5f49b3b90cf1f73d1b39b35a950abedaf0b13,-23.31778681278223,True,,-20.42418658733368,True,,True,3,True,3,True
CASE_116,C4,UNIT_025,B1,1,placebo,qwen_llamacpp,Qwen3-4B,ok,9,0,9,0,insufficient,0,none,0,0.0,677,2d5b028fbf2c2601b8405ff7b923528d39859abcdd48cfbfe4dfe6c8a001d72c,-24.894470334051448,True,,-20.02476835250843,True,,True,3,True,3,True
CASE_116,C4,UNIT_025,B2,2,weak-link,qwen_llamacpp,Qwen3-4B,ok,9,0,9,0,insufficient,0,none,0,0.0,648,e6e269759e20514532a7ae5728ffac2e0e0ab908fe0d88917a1ac7180813d845,-21.537810683017597,True,,-10.371875816868851,True,,True,3,True,3,True
CASE_116,C4,UNIT_025,B3,3,explicit-link,qwen_llamacpp,Qwen3-4B,ok,1,1,1,1,sufficient,1,explicit,1,0.95,657,feb201a3bc4fb54b8ce49d19c6645e204b60f31b7f3e810e865656f79f110267,25.2928466796875,True,,29.529090881347656,True,,True,3,True,3,True
CASE_116,C4,UNIT_025,B4,4,corroborated-link,qwen_llamacpp,Qwen3-4B,ok,1,1,1,1,sufficient,1,corroborated,1,0.95,665,da9d851c19389676fd7ea72302051242c1ef9af6d14a5f4e4d08b21c9e0c6f9e,20.180076599121094,True,,28.624481201171875,True,,True,3,True,3,True
CASE_116,E2,UNIT_026,B0,0,no-link,qwen_llamacpp,Qwen3-4B,ok,9,0,9,0,insufficient,0,none,0,0.0,637,f2f1b37f03c3837e875cfaac87549aeda6536f692b284f616ce884b287b45c82,-23.564937591552734,True,,-26.092544555664062,True,,True,3,True,3,True
CASE_116,E2,UNIT_026,B1,1,placebo,qwen_llamacpp,Qwen3-4B,ok,9,0,9,0,insufficient,0,none,0,0.0,678,19b230835dbb1c38064a2c0e54f15770317a2ed68a8ba3d49edf6902e23e1fbe,-23.695030212402344,True,,-23.397003173828125,True,,True,3,True,3,True
CASE_116,E2,UNIT_026,B2,2,weak-link,qwen_llamacpp,Qwen3-4B,ok,9,0,9,0,insufficient,0,none,0,0.0,693,6e58e1e922a1d89f16df4193fb88a05954bd9e0614f7af323798387c5a62d9f9,-23.06005859375,True,,-22.176647186279297,True,,True,3,True,3,True
CASE_116,E2,UNIT_026,B3,3,explicit-link,qwen_llamacpp,Qwen3-4B,ok,1,1,1,1,sufficient,1,explicit,1,0.95,661,b7b68f32a1498065199487b104f8d89a7a4023bfab6fbba10aa22bfc69af9a14,26.697696685791016,True,,29.751781344413757,True,,True,3,True,3,True
CASE_116,E2,UNIT_026,B4,4,corroborated-link,qwen_llamacpp,Qwen3-4B,ok,1,1,1,1,sufficient,1,corroborated,1,0.95,706,6b42a84cc177d566785b99bfdf23beebd69e601bdce50ea0dea91747ad83d68c,31.318649291992188,True,,35.62360382080078,True,,True,3,True,3,True
CASE_116,F1,UNIT_027,B0,0,no-link,qwen_llamacpp,Qwen3-4B,ok,9,0,9,0,insufficient,0,none,0,0.0,639,8006ad45e2dd04e0b2a29977aa418595aa66afa874b556ba31d7c45e7d2e8efd,-26.58923327922821,True,,-24.33905792236328,True,,True,3,True,3,True
CASE_116,F1,UNIT_027,B1,1,placebo,qwen_llamacpp,Qwen3-4B,ok,9,0,9,0,insufficient,0,none,0,0.0,676,f30f67600980837cdae0d621b56fbcbb5335c949c3a10d44de6254db301b1b72,-27.582519292831392,True,,-24.2495418787002,True,,True,3,True,3,True
CASE_116,F1,UNIT_027,B2,2,weak-link,qwen_llamacpp,Qwen3-4B,ok,9,0,9,0,insufficient,0,none,0,0.0,641,69b9249fb31806e2d29e97e384eb15f13bf655dd63eb88b7bd5ac9d30f250eaa,-20.183822744729696,True,,-8.267226688563824,True,,True,3,True,3,True
CASE_116,F1,UNIT_027,B3,3,explicit-link,qwen_llamacpp,Qwen3-4B,ok,1,1,1,1,sufficient,1,corroborated,1,0.95,665,f8cbede2f90b7260c5384717b79b1d3a37252a5eb379f88fe59ef934a37136b6,21.38062286376953,True,,33.298126220703125,True,,True,3,True,3,True
CASE_116,F1,UNIT_027,B4,4,corroborated-link,qwen_llamacpp,Qwen3-4B,ok,9,0,0,0,insufficient,0,corroborated,1,0.0,679,d376121cec70e1efb3b7420bff954892a7c4432d7069394049fa60f94e9aa8ed,-4.032276391983032,True,,4.971595764160156,True,,False,3,True,3,True
CASE_127,A4,UNIT_028,B0,0,no-link,qwen_llamacpp,Qwen3-4B,ok,9,0,0,0,insufficient,0,none,0,0.0,632,88f82e2f28dff143460e0b07e5c865a87f500c85c5ab7efece70ecc4dcbd0322,-28.23748874664261,True,,-15.197303533554077,True,,False,3,True,3,True
CASE_127,A4,UNIT_028,B1,1,placebo,qwen_llamacpp,Qwen3-4B,ok,9,0,0,0,insufficient,0,none,0,0.0,669,faa67947e7705a5d59d1ab9508438514ff123bf08a4229074193198f5391a443,-26.783034920683804,True,,-13.835181713104248,True,,False,3,True,3,True
CASE_127,A4,UNIT_028,B2,2,weak-link,qwen_llamacpp,Qwen3-4B,ok,9,0,0,0,insufficient,0,none,0,0.0,651,636ff38e84adf7d294a48e75850b53eec5b20de5e9be664fd66242073595e1f7,-26.182395815627387,True,,-14.592438459396362,True,,False,3,True,3,True
CASE_127,A4,UNIT_028,B3,3,explicit-link,qwen_llamacpp,Qwen3-4B,ok,1,1,1,1,sufficient,1,corroborated,1,1.0,646,0bfdc911f8962f1edfbc478228fe66cf0acc9a40354cf46168ae69dc94957195,33.07973098754883,True,,38.5093994140625,True,,True,3,True,3,True
CASE_127,A4,UNIT_028,B4,4,corroborated-link,qwen_llamacpp,Qwen3-4B,ok,1,1,1,1,sufficient,1,corroborated,1,1.0,668,a232776b660b38704186f0b2cab1e03d20442144687dbdd0dcbba182c87b3240,35.10020446777344,True,,39.087913513183594,True,,True,3,True,3,True
CASE_159,A1,UNIT_032,B0,0,no-link,qwen_llamacpp,Qwen3-4B,ok,9,0,9,0,insufficient,0,none,0,0.0,636,2bd047c1821453b0df7fa5162dd09293d30d22ef8636782ab57d393a345f243e,-16.757091285078786,True,,-11.141509765511728,True,,True,3,True,3,True
CASE_159,A1,UNIT_032,B1,1,placebo,qwen_llamacpp,Qwen3-4B,ok,9,0,9,0,insufficient,0,none,0,0.0,673,be5f957a899d256bd3826159c740c23f8ca8f4e9daef165a264d9fd810a68dc0,-15.321769261732697,True,,-18.59693861007395,True,,True,3,True,3,True
CASE_159,A1,UNIT_032,B2,2,weak-link,qwen_llamacpp,Qwen3-4B,ok,9,0,9,0,insufficient,0,none,0,0.0,640,10b22d5ffd74837acfbea2f8895ca511cf7d6b0836a0cea22f4359b1fcc3ded0,-13.565391874872148,True,,-7.56864144152496,True,,True,3,True,3,True
CASE_159,A1,UNIT_032,B3,3,explicit-link,qwen_llamacpp,Qwen3-4B,ok,1,1,1,1,sufficient,1,corroborated,1,0.95,664,d33c79ed672e08568922fa3e43578e58bdc3e76012b302c1ce084108cf52ec09,31.549846649169922,True,,33.86355209350586,True,,True,3,True,3,True
CASE_159,A1,UNIT_032,B4,4,corroborated-link,qwen_llamacpp,Qwen3-4B,ok,1,1,1,1,sufficient,1,corroborated,1,0.95,660,7fbd9049b22e1810c76c2347abd5321323a9bffac4402dcb334943bd33bcfd97,33.1306037902832,True,,34.27902603149414,True,,True,3,True,3,True
CASE_159,A2,UNIT_033,B0,0,no-link,qwen_llamacpp,Qwen3-4B,ok,1,1,1,1,sufficient,1,explicit,1,0.95,651,f4dbe605d70ed798ef08c486c0e05117d1cf0099bbba34eee45e75e90e9b6731,26.289241790771484,True,,23.586132049560547,True,,True,3,True,3,True
CASE_159,A2,UNIT_033,B1,1,placebo,qwen_llamacpp,Qwen3-4B,ok,1,1,1,1,sufficient,1,corroborated,1,0.95,692,a32fcc042ff8347cbe61e44a9a2a28390fccce9a9875205332bb5cad733ea067,26.33841323852539,True,,26.737384796142578,True,,True,3,True,3,True
CASE_159,A2,UNIT_033,B2,2,weak-link,qwen_llamacpp,Qwen3-4B,ok,9,0,9,0,insufficient,0,none,0,0.0,700,d3973cc547be9c56380e4b3453fe800fc81b7e3382b669d640a0c7bfd3d3fc63,-9.16429108887678,True,,-14.239898681458726,True,,True,3,True,3,True
CASE_159,A2,UNIT_033,B3,3,explicit-link,qwen_llamacpp,Qwen3-4B,ok,1,1,1,1,sufficient,1,explicit,1,0.95,669,1efe1f9b0b0cf8f6ee66f2caaa3e8ea56e1a5e9fd967505b0598d5f54a443f79,28.5264892578125,True,,32.73979949951172,True,,True,3,True,3,True
CASE_159,A2,UNIT_033,B4,4,corroborated-link,qwen_llamacpp,Qwen3-4B,ok,1,1,1,1,sufficient,1,corroborated,1,0.95,708,33d12e209dfd3965325d4a0e067419c0f6915c92ddb116671851470f9041588a,31.312278747558594,True,,36.583160400390625,True,,True,3,True,3,True
CASE_159,A4,UNIT_034,B0,0,no-link,qwen_llamacpp,Qwen3-4B,ok,1,1,1,1,sufficient,1,explicit,1,0.95,652,0451949c78e67c4008383276a38a659132a013ffb6b6591ec5d35c7768f15a2d,28.328269958496094,True,,27.38837385177601,True,,True,3,True,3,True
CASE_159,A4,UNIT_034,B1,1,placebo,qwen_llamacpp,Qwen3-4B,ok,1,1,1,1,sufficient,1,explicit,1,0.95,689,62de22c25e3dc8626b70d0d00c8e185b90ac865a20a3cb12ff12176f8219666a,25.180191040039062,True,,12.581859946250916,True,,True,3,True,3,True
CASE_159,A4,UNIT_034,B2,2,weak-link,qwen_llamacpp,Qwen3-4B,ok,1,1,1,1,sufficient,1,explicit,1,0.95,665,d04644b1ead7cc36bf7b3f79dca89dc4e892836d523678f3e4dd934238f47190,26.41159439086914,True,,16.37028884375468,True,,True,3,True,3,True
CASE_159,A4,UNIT_034,B3,3,explicit-link,qwen_llamacpp,Qwen3-4B,ok,1,1,1,1,sufficient,1,explicit,1,0.95,659,fcb6c9dd1e3934868bd47ee46c3ddad4ece984052e861f8f0570300c4f5de3d1,32.86804962158203,True,,36.141448974609375,True,,True,3,True,3,True
CASE_159,A4,UNIT_034,B4,4,corroborated-link,qwen_llamacpp,Qwen3-4B,ok,1,1,1,1,sufficient,1,corroborated,1,0.95,696,4cb2615e91f7eaf2bc9329550d06781e894a316feab4f8caf1698ccddf921ea8,32.82708740234375,True,,38.359100341796875,True,,True,3,True,3,True
CASE_179,A1,UNIT_035,B0,0,no-link,qwen_llamacpp,Qwen3-4B,ok,9,0,9,0,insufficient,0,none,0,0.0,628,5fd7e1bc8de55edc21eb20071e64cf05b8f64fea7c4508788cf5533bb26b7060,-12.427829450345598,True,,-2.6685601472854614,True,,True,3,True,3,True
CASE_179,A1,UNIT_035,B1,1,placebo,qwen_llamacpp,Qwen3-4B,ok,9,0,9,0,insufficient,0,none,0,0.0,665,d584157f1d617d97463aaf319512352f71c8c91ecad539c91dbd7d0dbad0008e,-13.843815325759351,True,,-17.749183177947884,True,,True,3,True,3,True
CASE_179,A1,UNIT_035,B2,2,weak-link,qwen_llamacpp,Qwen3-4B,ok,9,0,9,0,insufficient,0,none,0,0.0,699,6d6948be7cd95e6eb9b08ab465ae6f83f1a9cfd8390d0ba1020db04eeedc1759,-27.996482849121094,True,,-27.492393493652344,True,,True,3,True,3,True
CASE_179,A1,UNIT_035,B3,3,explicit-link,qwen_llamacpp,Qwen3-4B,ok,1,1,1,1,sufficient,1,corroborated,1,0.95,651,593935239ebb857194082fb51cebb71c8ae8184f419d07a03ac28b9702bda686,26.397994995117188,True,,19.13220977783203,True,,True,3,True,3,True
CASE_179,A1,UNIT_035,B4,4,corroborated-link,qwen_llamacpp,Qwen3-4B,ok,1,1,1,1,sufficient,1,corroborated,1,0.95,693,0bece4a42339eaffd74cb9e7c52a23cf172e3a268d17163d04eaf24ddeb1d9a4,27.152854919433594,True,,28.832958221435547,True,,True,3,True,3,True
CASE_179,A2,UNIT_036,B0,0,no-link,qwen_llamacpp,Qwen3-4B,ok,1,1,1,1,sufficient,1,explicit,1,0.95,653,3ad91d96f08d59f24db5f6c0c0e815cf129c3661bafd286bea8a8b10d021f4ae,29.381053924560547,True,,35.57115936279297,True,,True,3,True,3,True
CASE_179,A2,UNIT_036,B1,1,placebo,qwen_llamacpp,Qwen3-4B,ok,1,1,1,1,sufficient,1,explicit,1,0.95,694,e746b8f6b647065bc3675e34ed21696eee0f3a166b75b7e883aae9ffe3a4cae2,29.284507751464844,True,,33.74464416503906,True,,True,3,True,3,True
CASE_179,A2,UNIT_036,B2,2,weak-link,qwen_llamacpp,Qwen3-4B,ok,9,0,9,0,insufficient,0,neutral,0,0.0,702,5c007e695ad47cdc9571157d84c8647b53cab9efe6c5d694334a5cda223a8201,-13.674629236920737,True,,-9.851677080616355,True,,True,3,True,3,True
CASE_179,A2,UNIT_036,B3,3,explicit-link,qwen_llamacpp,Qwen3-4B,ok,1,1,1,1,sufficient,1,explicit,1,0.95,669,e4ac5b7f6a26514dec6dc30ee290eb2984ea93983b8485a864e8fb0d0d574dd4,30.14105987548828,True,,36.37482452392578,True,,True,3,True,3,True
CASE_179,A2,UNIT_036,B4,4,corroborated-link,qwen_llamacpp,Qwen3-4B,ok,1,1,1,1,sufficient,1,corroborated,1,0.95,708,bbea433635627e0c0763e515252361b1608fa6e27b6f37028c1261f8a1badad4,32.1533088684082,True,,38.32966613769531,True,,True,3,True,3,True
CASE_179,E1,UNIT_037,B0,0,no-link,qwen_llamacpp,Qwen3-4B,ok,9,0,9,0,insufficient,0,none,0,0.0,654,7d4b0e5537b64919aadd79414efa78edcead3ff180caab26922fc11f5251b5b7,-10.822406649385812,True,,-7.018199817743152,True,,True,3,True,3,True
CASE_179,E1,UNIT_037,B1,1,placebo,qwen_llamacpp,Qwen3-4B,ok,9,0,9,0,insufficient,0,none,0,0.0,695,80e61b8ad88596dd49308cb1fe084d8f2dcfde03a5f92b00bc203c57a3dd594b,-3.232265420258045,True,,-8.594726962517598,True,,True,3,True,3,True
CASE_179,E1,UNIT_037,B2,2,weak-link,qwen_llamacpp,Qwen3-4B,ok,9,0,9,0,insufficient,0,none,0,0.0,705,46d34482ca9f12cb77633263f0f54e387f7b4556085119df85659c8da11f849d,-20.03467559814453,True,,-9.125259155058302,True,,True,3,True,3,True
CASE_179,E1,UNIT_037,B3,3,explicit-link,qwen_llamacpp,Qwen3-4B,ok,1,1,1,1,sufficient,1,corroborated,1,1.0,657,5987bd4520cdd86fcd967e1f3a5b85e978d1e7e7af0e0d07c2d94a2b3235ea21,35.546424865722656,True,,37.9001579284668,True,,True,3,True,3,True
CASE_179,E1,UNIT_037,B4,4,corroborated-link,qwen_llamacpp,Qwen3-4B,ok,1,1,1,1,sufficient,1,corroborated,1,1.0,700,af30adaf04138aaf6bb9759000c6ddcc61947db50614aad98efc705f9673e8e5,35.788536071777344,True,,38.35148620605469,True,,True,3,True,3,True
CASE_195,A1,UNIT_039,B0,0,no-link,qwen_llamacpp,Qwen3-4B,ok,1,1,1,1,sufficient,1,corroborated,1,0.95,613,753a83fea1b74643147e9bc8fb9914e661f5847a583581337704c546fc56ab21,7.011314460425638,True,,11.057030081623452,True,,True,3,True,3,True
CASE_195,A1,UNIT_039,B1,1,placebo,qwen_llamacpp,Qwen3-4B,ok,9,0,1,1,insufficient,0,none,0,0.0,650,debe31c8f81ff6a7cbcb585b7c5c3f0c0c61b496053753a110c0ee6132c0afbe,-5.501613769680262,True,,2.46626278758049,True,,False,3,True,3,True
CASE_195,A1,UNIT_039,B2,2,weak-link,qwen_llamacpp,Qwen3-4B,ok,9,0,9,0,insufficient,0,none,0,0.0,645,cc5a97af904c6f4a2c65cbe4e7217df0cbd6205f1f2c6aa3c3500fcf27a15474,-10.498348115121189,True,,-1.339954361319542,True,,True,3,True,3,True
CASE_195,A1,UNIT_039,B3,3,explicit-link,qwen_llamacpp,Qwen3-4B,ok,1,1,1,1,sufficient,1,corroborated,1,0.95,659,3f8ea9835f94e7d4cfc0b85f3feb7b2a953b1035edf917cb1a0b425eeed70cfc,30.856693267822266,True,,30.832504272460938,True,,True,3,True,3,True
CASE_195,A1,UNIT_039,B4,4,corroborated-link,qwen_llamacpp,Qwen3-4B,ok,1,1,1,1,sufficient,1,corroborated,1,0.95,668,c7b81e6dc5f4082f6b31f57b85f279847d9fb61e7ea219905040328f2711d111,31.27987289428711,True,,32.516170501708984,True,,True,3,True,3,True
CASE_195,A4,UNIT_040,B0,0,no-link,qwen_llamacpp,Qwen3-4B,ok,9,0,9,0,insufficient,0,none,0,0.0,633,935ca2e583f01f23bced7df4108b145f8b1ed67b8355b89c70459f9c3ab17c8a,-20.076607460156083,True,,-21.373923674458638,True,,True,3,True,3,True
CASE_195,A4,UNIT_040,B1,1,placebo,qwen_llamacpp,Qwen3-4B,ok,9,0,9,0,insufficient,0,none,0,0.0,670,193c61ccaf988c2fa397d2fc88489beaa119dc83b6af046b48d4a77cede8b562,-22.347938800696284,True,,-20.960491622507107,True,,True,3,True,3,True
CASE_195,A4,UNIT_040,B2,2,weak-link,qwen_llamacpp,Qwen3-4B,ok,9,0,9,0,insufficient,0,none,0,0.0,653,2ef3ea7c386ead574e8ef3f0d954e07074cf158bc1bc3d7d239fe70c69bfe0af,-19.293663933873177,True,,-13.650219231843948,True,,True,3,True,3,True
CASE_195,A4,UNIT_040,B3,3,explicit-link,qwen_llamacpp,Qwen3-4B,ok,1,1,1,1,sufficient,1,corroborated,1,0.95,664,34cb0217018ff06e784f210717efde304481dd6c21d2329819b48e803d3a7f5e,29.36508560180664,True,,32.085201263427734,True,,True,3,True,3,True
CASE_195,A4,UNIT_040,B4,4,corroborated-link,qwen_llamacpp,Qwen3-4B,ok,1,1,1,1,sufficient,1,corroborated,1,0.95,674,f41a7c3a17932f04c42d1be5c7aa2aa446b5c5cbeae54bedadd47c38b393bb07,30.449649810791016,True,,33.753509521484375,True,,True,3,True,3,True
